StationName,Latitude,Longitude,ReadingDate,forecast_valid_time_utc,AQHI,AQHI_forecast_3h,forecast_spatial_weight,met_forecast_time_utc,missing_feature_count
Sherwood Park,53.53209,-113.32098,2026-10-10 20:00:00+00:00,2026-10-10 23:00:00+00:00,1.0,1.08423316478729,0.19,2026-10-11T00:00:00+00:00,0
High Level (Airpointer),58.521452,-117.162094,2026-10-10 23:00:00+00:00,2026-10-11 02:00:00+00:00,1.0,1.21508574485779,0.5807,2026-10-11T02:00:00+00:00,0
Bruderheim,53.805629,-112.925851,2026-10-10 23:00:00+00:00,2026-10-11 02:00:00+00:00,1.0,1.07014286518097,0.5807,2026-10-11T02:00:00+00:00,0
Elk Island,53.68236,-112.86806,2026-10-10 23:00:00+00:00,2026-10-11 02:00:00+00:00,1.0,1.08037805557251,0.5807,2026-10-11T02:00:00+00:00,0
Redwater,53.951834,-113.105857,2026-10-10 23:00:00+00:00,2026-10-11 02:00:00+00:00,1.0,1.05211925506592,0.5807,2026-10-11T02:00:00+00:00,0
Cold Lake South,54.4138811,-110.2330575,2026-10-11 00:00:00+00:00,2026-10-11 03:00:00+00:00,1.0,1.24710488319397,0.7474,2026-10-11T03:00:00+00:00,0
Fox Creek,54.395492,-116.80948,2026-10-11 00:00:00+00:00,2026-10-11 03:00:00+00:00,1.0,1.0484516620636,0.7474,2026-10-11T03:00:00+00:00,0
Fort McKay,57.18945,-111.64045,2026-10-11 00:00:00+00:00,2026-10-11 03:00:00+00:00,2.0,1.55137670040131,0.7474,2026-10-11T03:00:00+00:00,0
Lamont,53.757334,-112.778004,2026-10-11 00:00:00+00:00,2026-10-11 03:00:00+00:00,1.0,1.1027147769928,0.7474,2026-10-11T03:00:00+00:00,0
Calgary Varsity,51.082631,-114.139072,2026-10-11 00:00:00+00:00,2026-10-11 03:00:00+00:00,1.0,1.10172951221466,0.7474,2026-10-11T03:00:00+00:00,0
Fort McMurray Patricia McInnes,56.75135,-111.47637,2026-10-11 00:00:00+00:00,2026-10-11 03:00:00+00:00,1.0,1.33306550979614,0.7474,2026-10-11T03:00:00+00:00,0
Calgary Southeast,50.955118,-113.969792,2026-10-11 00:00:00+00:00,2026-10-11 03:00:00+00:00,1.0,1.16436243057251,0.7474,2026-10-11T03:00:00+00:00,0
Brooks Meadowplace,50.558872,-111.863622,2026-10-11 00:00:00+00:00,2026-10-11 03:00:00+00:00,1.0,1.07490527629852,0.7474,2026-10-11T03:00:00+00:00,0
Fort McMurray Athabasca Valley,56.73344,-111.39047,2026-10-11 00:00:00+00:00,2026-10-11 03:00:00+00:00,1.0,1.33577132225037,0.7474,2026-10-11T03:00:00+00:00,0
Lethbridge,49.716184,-112.800586,2026-10-11 00:00:00+00:00,2026-10-11 03:00:00+00:00,1.0,1.10456562042236,0.7474,2026-10-11T03:00:00+00:00,0
Fort McKay South,57.14908,-111.64262,2026-10-11 00:00:00+00:00,2026-10-11 03:00:00+00:00,1.0,1.36016643047333,0.7474,2026-10-11T03:00:00+00:00,0
Calgary Central Inglewood,51.030789,-114.008836,2026-10-11 00:00:00+00:00,2026-10-11 03:00:00+00:00,1.0,1.21794474124908,0.7474,2026-10-11T03:00:00+00:00,0
Grande Prairie - Henry Pirker,55.176667,-118.8075,2026-10-11 00:00:00+00:00,2026-10-11 03:00:00+00:00,1.0,1.17311692237854,0.7474,2026-10-11T03:00:00+00:00,0
Beaverlodge,55.1963,-119.3968,2026-10-11 00:00:00+00:00,2026-10-11 03:00:00+00:00,1.0,1.25802659988403,0.7474,2026-10-11T03:00:00+00:00,0
Jasper,52.8734191,-118.0914761,2026-10-11 00:00:00+00:00,2026-10-11 03:00:00+00:00,1.0,1.13226675987244,0.7474,2026-10-11T03:00:00+00:00,0
Grimshaw,56.18657,-117.604994,2026-10-11 00:00:00+00:00,2026-10-11 03:00:00+00:00,1.0,1.32278060913086,0.7474,2026-10-11T03:00:00+00:00,0
Anzac,56.44928,-111.03722,2026-10-11 00:00:00+00:00,2026-10-11 03:00:00+00:00,1.0,1.21315014362335,0.7474,2026-10-11T03:00:00+00:00,0
Edson,53.593824,-116.395877,2026-10-11 00:00:00+00:00,2026-10-11 03:00:00+00:00,1.0,1.04252147674561,0.7474,2026-10-11T03:00:00+00:00,0
Steeper,53.1325994,-117.0913947,2026-10-11 00:00:00+00:00,2026-10-11 03:00:00+00:00,1.0,1.0,0.7474,2026-10-11T03:00:00+00:00,0
Enoch,53.498049,-113.760702,2026-10-11 00:00:00+00:00,2026-10-11 03:00:00+00:00,1.0,1.06711447238922,0.7474,2026-10-11T03:00:00+00:00,0
Gibbons,53.827241,-113.327174,2026-10-11 00:00:00+00:00,2026-10-11 03:00:00+00:00,1.0,1.09653663635254,0.7474,2026-10-11T03:00:00+00:00,0
Happy Valley,55.752778,-119.086667,2026-10-11 00:00:00+00:00,2026-10-11 03:00:00+00:00,1.0,1.31772065162659,0.7474,2026-10-11T03:00:00+00:00,0
Edmonton McCauley,53.54948,-113.48596,2026-10-11 00:00:00+00:00,2026-10-11 03:00:00+00:00,1.0,1.15792512893677,0.7474,2026-10-11T03:00:00+00:00,0
Airdrie,51.268227,-114.037677,2026-10-11 00:00:00+00:00,2026-10-11 03:00:00+00:00,1.0,1.03136622905731,0.7474,2026-10-11T03:00:00+00:00,0
Edmonton Lendrum,53.49778,-113.52701,2026-10-11 00:00:00+00:00,2026-10-11 03:00:00+00:00,1.0,1.10403513908386,0.7474,2026-10-11T03:00:00+00:00,0
Ardrossan,53.5545,-113.1444,2026-10-11 00:00:00+00:00,2026-10-11 03:00:00+00:00,1.0,1.0256814956665,0.7474,2026-10-11T03:00:00+00:00,0
Red Deer - Riverside,52.298677,-113.79354,2026-10-11 00:00:00+00:00,2026-10-11 03:00:00+00:00,1.0,1.02864110469818,0.7474,2026-10-11T03:00:00+00:00,0
St. Lina,54.215961,-111.503304,2026-10-11 00:00:00+00:00,2026-10-11 03:00:00+00:00,1.0,1.03476011753082,0.7474,2026-10-11T03:00:00+00:00,0
Hinton-Drinnan,53.42723159,-117.5439834,2026-10-11 00:00:00+00:00,2026-10-11 03:00:00+00:00,1.0,1.05332148075104,0.7474,2026-10-11T03:00:00+00:00,0
Edmonton East,53.54801,-113.36797,2026-10-11 00:00:00+00:00,2026-10-11 03:00:00+00:00,1.0,1.10310232639313,0.7474,2026-10-11T03:00:00+00:00,0
Fort Chipewyan,58.7084,-111.1764,2026-10-11 00:00:00+00:00,2026-10-11 03:00:00+00:00,2.0,1.26854038238525,0.7474,2026-10-11T03:00:00+00:00,0
Genesee,53.30156091,-114.2015721,2026-10-11 00:00:00+00:00,2026-10-11 03:00:00+00:00,1.0,1.01748013496399,0.7474,2026-10-11T03:00:00+00:00,0
Hinton-Hillcrest,53.3927365,-117.5846086,2026-10-11 00:00:00+00:00,2026-10-11 03:00:00+00:00,1.0,1.10405218601227,0.7474,2026-10-11T03:00:00+00:00,0
St. Albert,53.626969,-113.611905,2026-10-11 00:00:00+00:00,2026-10-11 03:00:00+00:00,1.0,1.09978842735291,0.7474,2026-10-11T03:00:00+00:00,0
Drayton Valley,53.22002357,-114.9839737,2026-10-11 00:00:00+00:00,2026-10-11 03:00:00+00:00,1.0,1.16276288032532,0.7474,2026-10-11T03:00:00+00:00,0
Tamarack,54.604935,-110.452637,2026-10-11 00:00:00+00:00,2026-10-11 03:00:00+00:00,1.0,1.1760721206665,0.7474,2026-10-11T03:00:00+00:00,0
Conklin Community,55.63233,-111.078872,2026-10-11 00:00:00+00:00,2026-10-11 03:00:00+00:00,1.0,1.11665260791779,0.7474,2026-10-11T03:00:00+00:00,0
Woodcroft,53.564485,-113.562705,2026-10-11 00:00:00+00:00,2026-10-11 03:00:00+00:00,1.0,1.04843556880951,0.7474,2026-10-11T03:00:00+00:00,0
