lon,lat,AQHI_IDW,NearestReading
-113.7973901154718,52.892955046747915,2.0,2025-11-22 15:00:00-07:00
-113.7473901154718,52.892955046747915,2.0,2025-11-22 15:00:00-07:00
-113.6973901154718,52.892955046747915,2.0,2025-11-22 15:00:00-07:00
-113.64739011547181,52.892955046747915,2.1125179999528196,2025-11-22 15:00:00-07:00
-113.59739011547181,52.892955046747915,2.223986283191558,2025-11-22 15:00:00-07:00
-113.54739011547181,52.892955046747915,2.223588784094682,2025-11-22 15:00:00-07:00
-113.49739011547182,52.892955046747915,2.1152827269570813,2025-11-22 15:00:00-07:00
-113.44739011547182,52.892955046747915,2.34100925310026,2025-11-22 15:00:00-07:00
-113.39739011547182,52.892955046747915,2.347684946597832,2025-11-22 15:00:00-07:00
-113.34739011547182,52.892955046747915,2.2465611038191406,2025-11-22 15:00:00-07:00
-113.29739011547183,52.892955046747915,2.2533995509463076,2025-11-22 15:00:00-07:00
-113.24739011547183,52.892955046747915,2.2600598148701234,2025-11-22 15:00:00-07:00
-113.19739011547183,52.892955046747915,2.2660466473542784,2025-11-22 15:00:00-07:00
-113.14739011547184,52.892955046747915,2.2711349595837196,2025-11-22 15:00:00-07:00
-113.09739011547184,52.892955046747915,2.275307302525025,2025-11-22 15:00:00-07:00
-113.04739011547184,52.892955046747915,2.2786718378565722,2025-11-22 15:00:00-07:00
-112.99739011547184,52.892955046747915,2.151500887030361,2025-11-22 15:00:00-07:00
-112.94739011547185,52.892955046747915,2.1512254129399304,2025-11-22 15:00:00-07:00
-112.89739011547185,52.892955046747915,2.282125420742901,2025-11-22 15:00:00-07:00
-112.84739011547185,52.892955046747915,2.147885647853527,2025-11-22 15:00:00-07:00
-112.79739011547186,52.892955046747915,2.1451811412009016,2025-11-22 15:00:00-07:00
-112.74739011547186,52.892955046747915,2.142575679408692,2025-11-22 15:00:00-07:00
-112.69739011547186,52.892955046747915,2.0,2025-11-22 15:00:00-07:00
-112.64739011547186,52.892955046747915,2.0,2025-11-22 15:00:00-07:00
-112.59739011547187,52.892955046747915,2.0,2025-11-22 15:00:00-07:00
-112.54739011547187,52.892955046747915,2.0,2025-11-22 15:00:00-07:00
-112.49739011547187,52.892955046747915,2.0,2025-11-22 15:00:00-07:00
-112.44739011547188,52.892955046747915,2.0,2025-11-22 15:00:00-07:00
-112.39739011547188,52.892955046747915,2.1306163973109897,2025-11-22 15:00:00-07:00
-112.34739011547188,52.892955046747915,2.1301205187624497,2025-11-22 15:00:00-07:00
-113.7973901154718,52.94295504674791,2.1154266140782636,2025-11-22 15:00:00-07:00
-113.7473901154718,52.94295504674791,2.115900808136684,2025-11-22 15:00:00-07:00
-113.6973901154718,52.94295504674791,2.2270553027136124,2025-11-22 15:00:00-07:00
-113.64739011547181,52.94295504674791,2.2237660863756887,2025-11-22 15:00:00-07:00
-113.59739011547181,52.94295504674791,2.3165642747934085,2025-11-22 15:00:00-07:00
-113.54739011547181,52.94295504674791,2.2124036114321037,2025-11-22 15:00:00-07:00
-113.49739011547182,52.94295504674791,2.212434766332747,2025-11-22 15:00:00-07:00
-113.44739011547182,52.94295504674791,2.320002144947943,2025-11-22 15:00:00-07:00
-113.39739011547182,52.94295504674791,2.3295778102383493,2025-11-22 15:00:00-07:00
-113.34739011547182,52.94295504674791,2.2376959627941617,2025-11-22 15:00:00-07:00
-113.29739011547183,52.94295504674791,2.24709277748189,2025-11-22 15:00:00-07:00
-113.24739011547183,52.94295504674791,2.255825099274707,2025-11-22 15:00:00-07:00
-113.19739011547183,52.94295504674791,2.263272638080631,2025-11-22 15:00:00-07:00
-113.14739011547184,52.94295504674791,2.269259439049372,2025-11-22 15:00:00-07:00
-113.09739011547184,52.94295504674791,2.2739010453472916,2025-11-22 15:00:00-07:00
-113.04739011547184,52.94295504674791,2.277453790758359,2025-11-22 15:00:00-07:00
-112.99739011547184,52.94295504674791,2.1516046465643286,2025-11-22 15:00:00-07:00
-112.94739011547185,52.94295504674791,2.2803423054973493,2025-11-22 15:00:00-07:00
-112.89739011547185,52.94295504674791,2.2810421795686895,2025-11-22 15:00:00-07:00
-112.84739011547185,52.94295504674791,2.146200833132749,2025-11-22 15:00:00-07:00
-112.79739011547186,52.94295504674791,2.1431138703556267,2025-11-22 15:00:00-07:00
-112.74739011547186,52.94295504674791,2.1401969888133485,2025-11-22 15:00:00-07:00
-112.69739011547186,52.94295504674791,2.0,2025-11-22 15:00:00-07:00
-112.64739011547186,52.94295504674791,2.0,2025-11-22 15:00:00-07:00
-112.59739011547187,52.94295504674791,2.0,2025-11-22 15:00:00-07:00
-112.54739011547187,52.94295504674791,2.0,2025-11-22 15:00:00-07:00
-112.49739011547187,52.94295504674791,2.12963017373693,2025-11-22 15:00:00-07:00
-112.44739011547188,52.94295504674791,2.1287873324610818,2025-11-22 15:00:00-07:00
-112.39739011547188,52.94295504674791,2.128173184260825,2025-11-22 15:00:00-07:00
-112.34739011547188,52.94295504674791,2.127764597971684,2025-11-22 15:00:00-07:00
-113.7973901154718,52.99295504674791,2.2244958760442644,2025-11-22 15:00:00-07:00
-113.7473901154718,52.99295504674791,2.224004514435334,2025-11-22 15:00:00-07:00
-113.6973901154718,52.99295504674791,2.219843275343881,2025-11-22 15:00:00-07:00
-113.64739011547181,52.99295504674791,2.3042076583238758,2025-11-22 15:00:00-07:00
-113.59739011547181,52.99295504674791,2.2925920810761102,2025-11-22 15:00:00-07:00
-113.54739011547181,52.99295504674791,2.28581813878275,2025-11-22 15:00:00-07:00
-113.49739011547182,52.99295504674791,2.193431441154722,2025-11-22 15:00:00-07:00
-113.44739011547182,52.99295504674791,2.293284631027102,2025-11-22 15:00:00-07:00
-113.39739011547182,52.99295504674791,2.307486122460931,2025-11-22 15:00:00-07:00
-113.34739011547182,52.99295504674791,2.2275238471833454,2025-11-22 15:00:00-07:00
-113.29739011547183,52.99295504674791,2.2405620411935305,2025-11-22 15:00:00-07:00
-113.24739011547183,52.99295504674791,2.251983611463682,2025-11-22 15:00:00-07:00
-113.19739011547183,52.99295504674791,2.261106185225983,2025-11-22 15:00:00-07:00
-113.14739011547184,52.99295504674791,2.267946914849996,2025-11-22 15:00:00-07:00
-113.09739011547184,52.99295504674791,2.272891023578653,2025-11-22 15:00:00-07:00
-113.04739011547184,52.99295504674791,2.2764386775478935,2025-11-22 15:00:00-07:00
-112.99739011547184,52.99295504674791,2.2785272004236354,2025-11-22 15:00:00-07:00
-112.94739011547185,52.99295504674791,2.279544996121417,2025-11-22 15:00:00-07:00
-112.89739011547185,52.99295504674791,2.2798052307533,2025-11-22 15:00:00-07:00
-112.84739011547185,52.99295504674791,2.1441178741706093,2025-11-22 15:00:00-07:00
-112.79739011547186,52.99295504674791,2.1405979382466516,2025-11-22 15:00:00-07:00
-112.74739011547186,52.99295504674791,2.0,2025-11-22 15:00:00-07:00
-112.69739011547186,52.99295504674791,2.0,2025-11-22 15:00:00-07:00
-112.64739011547186,52.99295504674791,2.0,2025-11-22 15:00:00-07:00
-112.59739011547187,52.99295504674791,2.0,2025-11-22 15:00:00-07:00
-112.54739011547187,52.99295504674791,2.127846896965833,2025-11-22 15:00:00-07:00
-112.49739011547187,52.99295504674791,2.126797327778642,2025-11-22 15:00:00-07:00
-112.44739011547188,52.99295504674791,2.1260282109985265,2025-11-22 15:00:00-07:00
-112.39739011547188,52.99295504674791,2.125511693288446,2025-11-22 15:00:00-07:00
-112.34739011547188,52.99295504674791,2.1252178440438576,2025-11-22 15:00:00-07:00
-113.7973901154718,53.042955046747906,2.221858479860725,2025-11-22 15:00:00-07:00
-113.7473901154718,53.042955046747906,2.2199045767252477,2025-11-22 15:00:00-07:00
-113.6973901154718,53.042955046747906,2.2124391368540355,2025-11-22 15:00:00-07:00
-113.64739011547181,53.042955046747906,2.282354559882585,2025-11-22 15:00:00-07:00
-113.59739011547181,53.042955046747906,2.2631120482926836,2025-11-22 15:00:00-07:00
-113.54739011547181,53.042955046747906,2.2499218084942334,2025-11-22 15:00:00-07:00
-113.49739011547182,53.042955046747906,2.2483843843343823,2025-11-22 15:00:00-07:00
-113.44739011547182,53.042955046747906,2.2587557506483646,2025-11-22 15:00:00-07:00
-113.39739011547182,53.042955046747906,2.280624478482934,2025-11-22 15:00:00-07:00
-113.34739011547182,53.042955046747906,2.2162857116518575,2025-11-22 15:00:00-07:00
-113.29739011547183,53.042955046747906,2.234443728170962,2025-11-22 15:00:00-07:00
-113.24739011547183,53.042955046747906,2.249186663609015,2025-11-22 15:00:00-07:00
-113.19739011547183,53.042955046747906,2.2600186038967642,2025-11-22 15:00:00-07:00
-113.14739011547184,53.042955046747906,2.2674455194993475,2025-11-22 15:00:00-07:00
-113.09739011547184,53.042955046747906,2.2723386127784377,2025-11-22 15:00:00-07:00
-113.04739011547184,53.042955046747906,2.1529466957444994,2025-11-22 15:00:00-07:00
-112.99739011547184,53.042955046747906,2.278231742994646,2025-11-22 15:00:00-07:00
-112.94739011547185,53.042955046747906,2.2786080282529575,2025-11-22 15:00:00-07:00
-112.89739011547185,53.042955046747906,2.1457639996936395,2025-11-22 15:00:00-07:00
-112.84739011547185,53.042955046747906,2.141494770001552,2025-11-22 15:00:00-07:00
-112.79739011547186,53.042955046747906,2.1375023449769355,2025-11-22 15:00:00-07:00
-112.74739011547186,53.042955046747906,2.0,2025-11-22 15:00:00-07:00
-112.69739011547186,53.042955046747906,2.0,2025-11-22 15:00:00-07:00
-112.64739011547186,53.042955046747906,2.127653126415863,2025-11-22 15:00:00-07:00
-112.59739011547187,53.042955046747906,2.125958602143614,2025-11-22 15:00:00-07:00
-112.54739011547187,53.042955046747906,2.1246360738794587,2025-11-22 15:00:00-07:00
-112.49739011547187,53.042955046747906,2.1236608976488682,2025-11-22 15:00:00-07:00
-112.44739011547188,53.042955046747906,2.1229999553963803,2025-11-22 15:00:00-07:00
-112.39739011547188,53.042955046747906,2.12261589669515,2025-11-22 15:00:00-07:00
-112.34739011547188,53.042955046747906,2.1224703915376217,2025-11-22 15:00:00-07:00
-112.29739011547188,53.042955046747906,2.1225263957357026,2025-11-22 15:00:00-07:00
-112.24739011547189,53.042955046747906,2.1227495699698244,2025-11-22 15:00:00-07:00
-113.7973901154718,53.0929550467479,2.2205620675285753,2025-11-22 15:00:00-07:00
-113.7473901154718,53.0929550467479,2.2172557774337687,2025-11-22 15:00:00-07:00
-113.6973901154718,53.0929550467479,2.205522653723355,2025-11-22 15:00:00-07:00
-113.64739011547181,53.0929550467479,2.2590392520618803,2025-11-22 15:00:00-07:00
-113.59739011547181,53.0929550467479,2.227572247808041,2025-11-22 15:00:00-07:00
-113.54739011547181,53.0929550467479,2.2028002561035365,2025-11-22 15:00:00-07:00
-113.49739011547182,53.0929550467479,2.1967998276568657,2025-11-22 15:00:00-07:00
-113.44739011547182,53.0929550467479,2.2139481214450845,2025-11-22 15:00:00-07:00
-113.39739011547182,53.0929550467479,2.2489215802137683,2025-11-22 15:00:00-07:00
-113.34739011547182,53.0929550467479,2.205048272438991,2025-11-22 15:00:00-07:00
-113.29739011547183,53.0929550467479,2.23006905145904,2025-11-22 15:00:00-07:00
-113.24739011547183,53.0929550467479,2.248469355462324,2025-11-22 15:00:00-07:00
-113.19739011547183,53.0929550467479,2.260593290825721,2025-11-22 15:00:00-07:00
-113.14739011547184,53.0929550467479,2.267947153353867,2025-11-22 15:00:00-07:00
-113.09739011547184,53.0929550467479,2.2721716963305063,2025-11-22 15:00:00-07:00
-113.04739011547184,53.0929550467479,2.2772131866617564,2025-11-22 15:00:00-07:00
-112.99739011547184,53.0929550467479,2.2778205759941144,2025-11-22 15:00:00-07:00
-112.94739011547185,53.0929550467479,2.277294401670398,2025-11-22 15:00:00-07:00
-112.89739011547185,53.0929550467479,2.1430819666276157,2025-11-22 15:00:00-07:00
-112.84739011547185,53.0929550467479,2.1381510279986213,2025-11-22 15:00:00-07:00
-112.79739011547186,53.0929550467479,2.0,2025-11-22 15:00:00-07:00
-112.74739011547186,53.0929550467479,2.128732539306097,2025-11-22 15:00:00-07:00
-112.69739011547186,53.0929550467479,2.12613172509376,2025-11-22 15:00:00-07:00
-112.64739011547186,53.0929550467479,2.1239870717089526,2025-11-22 15:00:00-07:00
-112.59739011547187,53.0929550467479,2.1222993131456147,2025-11-22 15:00:00-07:00
-112.54739011547187,53.0929550467479,2.121045767080036,2025-11-22 15:00:00-07:00
-112.49739011547187,53.0929550467479,2.1201882501454685,2025-11-22 15:00:00-07:00
-112.44739011547188,53.0929550467479,2.1196801786687374,2025-11-22 15:00:00-07:00
-112.39739011547188,53.0929550467479,2.119472105980935,2025-11-22 15:00:00-07:00
-112.34739011547188,53.0929550467479,2.1195155860565658,2025-11-22 15:00:00-07:00
-112.29739011547188,53.0929550467479,2.1197655814526595,2025-11-22 15:00:00-07:00
-112.24739011547189,53.0929550467479,2.119612696759875,2025-11-22 15:00:00-07:00
-113.7973901154718,53.1429550467479,2.220985680252575,2025-11-22 15:00:00-07:00
-113.7473901154718,53.1429550467479,2.217193147635392,2025-11-22 15:00:00-07:00
-113.6973901154718,53.1429550467479,2.200022952121665,2025-11-22 15:00:00-07:00
-113.64739011547181,53.1429550467479,2.171070730891736,2025-11-22 15:00:00-07:00
-113.59739011547181,53.1429550467479,2.1880682533888995,2025-11-22 15:00:00-07:00
-113.54739011547181,53.1429550467479,2.142662726970685,2025-11-22 15:00:00-07:00
-113.49739011547182,53.1429550467479,2.1282422867974073,2025-11-22 15:00:00-07:00
-113.44739011547182,53.1429550467479,2.1579041167465136,2025-11-22 15:00:00-07:00
-113.39739011547182,53.1429550467479,2.2152053493553834,2025-11-22 15:00:00-07:00
-113.34739011547182,53.1429550467479,2.196770933001699,2025-11-22 15:00:00-07:00
-113.29739011547183,53.1429550467479,2.229855485648387,2025-11-22 15:00:00-07:00
-113.24739011547183,53.1429550467479,2.251232643383844,2025-11-22 15:00:00-07:00
-113.19739011547183,53.1429550467479,2.263357204740651,2025-11-22 15:00:00-07:00
-113.14739011547184,53.1429550467479,2.2694022082310745,2025-11-22 15:00:00-07:00
-113.09739011547184,53.1429550467479,2.2735653927672748,2025-11-22 15:00:00-07:00
-113.04739011547184,53.1429550467479,2.2776689996426533,2025-11-22 15:00:00-07:00
-112.99739011547184,53.1429550467479,2.2769089933951565,2025-11-22 15:00:00-07:00
-112.94739011547185,53.1429550467479,2.27523995001687,2025-11-22 15:00:00-07:00
-112.89739011547185,53.1429550467479,2.139481148134804,2025-11-22 15:00:00-07:00
-112.84739011547185,53.1429550467479,2.133780179430927,2025-11-22 15:00:00-07:00
-112.79739011547186,53.1429550467479,2.1279900301272696,2025-11-22 15:00:00-07:00
-112.74739011547186,53.1429550467479,2.124719563469537,2025-11-22 15:00:00-07:00
-112.69739011547186,53.1429550467479,2.121978210901615,2025-11-22 15:00:00-07:00
-112.64739011547186,53.1429550467479,2.1197955186736417,2025-11-22 15:00:00-07:00
-112.59739011547187,53.1429550467479,2.1181595330464256,2025-11-22 15:00:00-07:00
-112.54739011547187,53.1429550467479,2.1170293825203506,2025-11-22 15:00:00-07:00
-112.49739011547187,53.1429550467479,2.116347528863416,2025-11-22 15:00:00-07:00
-112.44739011547188,53.1429550467479,2.116049568650956,2025-11-22 15:00:00-07:00
-112.39739011547188,53.1429550467479,2.11607108585917,2025-11-22 15:00:00-07:00
-112.34739011547188,53.1429550467479,2.116349253245664,2025-11-22 15:00:00-07:00
-112.29739011547188,53.1429550467479,2.116206682007926,2025-11-22 15:00:00-07:00
-112.24739011547189,53.1429550467479,2.1162751544373584,2025-11-22 15:00:00-07:00
-113.7973901154718,53.1929550467479,2.1196563073119012,2025-11-22 15:00:00-07:00
-113.7473901154718,53.1929550467479,2.2195557347724635,2025-11-22 15:00:00-07:00
-113.6973901154718,53.1929550467479,2.2006017256933625,2025-11-22 15:00:00-07:00
-113.64739011547181,53.1929550467479,2.1657112057121406,2025-11-22 15:00:00-07:00
-113.59739011547181,53.1929550467479,2.1552332969684436,2025-11-22 15:00:00-07:00
-113.54739011547181,53.1929550467479,2.0772710982726434,2025-11-22 15:00:00-07:00
-113.49739011547182,53.1929550467479,2.047830763950315,2025-11-22 15:00:00-07:00
-113.44739011547182,53.1929550467479,2.0994754009798204,2025-11-22 15:00:00-07:00
-113.39739011547182,53.1929550467479,2.1906385524050322,2025-11-22 15:00:00-07:00
-113.34739011547182,53.1929550467479,2.1977947710144794,2025-11-22 15:00:00-07:00
-113.29739011547183,53.1929550467479,2.2373247812748436,2025-11-22 15:00:00-07:00
-113.24739011547183,53.1929550467479,2.2588244562404904,2025-11-22 15:00:00-07:00
-113.19739011547183,53.1929550467479,2.268359081700183,2025-11-22 15:00:00-07:00
-113.14739011547184,53.1929550467479,2.271197761538837,2025-11-22 15:00:00-07:00
-113.09739011547184,53.1929550467479,2.277028745744001,2025-11-22 15:00:00-07:00
-113.04739011547184,53.1929550467479,2.277331720885519,2025-11-22 15:00:00-07:00
-112.99739011547184,53.1929550467479,2.2748907371073526,2025-11-22 15:00:00-07:00
-112.94739011547185,53.1929550467479,2.271938051476992,2025-11-22 15:00:00-07:00
-112.89739011547185,53.1929550467479,2.2650665028093897,2025-11-22 15:00:00-07:00
-112.84739011547185,53.1929550467479,2.127653088640462,2025-11-22 15:00:00-07:00
-112.79739011547186,53.1929550467479,2.123548378382794,2025-11-22 15:00:00-07:00
-112.74739011547186,53.1929550467479,2.120018488422216,2025-11-22 15:00:00-07:00
-112.69739011547186,53.1929550467479,2.117158133974467,2025-11-22 15:00:00-07:00
-112.64739011547186,53.1929550467479,2.1149875146751183,2025-11-22 15:00:00-07:00
-112.59739011547187,53.1929550467479,2.11347134802975,2025-11-22 15:00:00-07:00
-112.54739011547187,53.1929550467479,2.112540664321114,2025-11-22 15:00:00-07:00
-112.49739011547187,53.1929550467479,2.1121110062990307,2025-11-22 15:00:00-07:00
-112.44739011547188,53.1929550467479,2.112095173874649,2025-11-22 15:00:00-07:00
-112.39739011547188,53.1929550467479,2.1123766845800303,2025-11-22 15:00:00-07:00
-112.34739011547188,53.1929550467479,2.112289687176654,2025-11-22 15:00:00-07:00
-112.29739011547188,53.1929550467479,2.112451859668838,2025-11-22 15:00:00-07:00
-112.24739011547189,53.1929550467479,2.112805923722479,2025-11-22 15:00:00-07:00
-113.7973901154718,53.242955046747895,2.122021065664746,2025-11-22 15:00:00-07:00
-113.7473901154718,53.242955046747895,2.222237329592406,2025-11-22 15:00:00-07:00
-113.6973901154718,53.242955046747895,2.209531474651498,2025-11-22 15:00:00-07:00
-113.64739011547181,53.242955046747895,2.1773279918773927,2025-11-22 15:00:00-07:00
-113.59739011547181,53.242955046747895,2.1564249710789722,2025-11-22 15:00:00-07:00
-113.54739011547181,53.242955046747895,2.0482825526319686,2025-11-22 15:00:00-07:00
-113.49739011547182,53.242955046747895,2.0012447125129302,2025-11-22 15:00:00-07:00
-113.44739011547182,53.242955046747895,2.0791850773736695,2025-11-22 15:00:00-07:00
-113.39739011547182,53.242955046747895,2.2009745400741765,2025-11-22 15:00:00-07:00
-113.34739011547182,53.242955046747895,2.2174141255518576,2025-11-22 15:00:00-07:00
-113.29739011547183,53.242955046747895,2.2556140586577813,2025-11-22 15:00:00-07:00
-113.24739011547183,53.242955046747895,2.2714101211149145,2025-11-22 15:00:00-07:00
-113.19739011547183,53.242955046747895,2.2744690128553526,2025-11-22 15:00:00-07:00
-113.14739011547184,53.242955046747895,2.384117631473528,2025-11-22 15:00:00-07:00
-113.09739011547184,53.242955046747895,2.3852151191738846,2025-11-22 15:00:00-07:00
-113.04739011547184,53.242955046747895,2.2750742348249196,2025-11-22 15:00:00-07:00
-112.99739011547184,53.242955046747895,2.2709211974507797,2025-11-22 15:00:00-07:00
-112.94739011547185,53.242955046747895,2.265019717286104,2025-11-22 15:00:00-07:00
-112.89739011547185,53.242955046747895,2.127874050579081,2025-11-22 15:00:00-07:00
-112.84739011547185,53.242955046747895,2.122807638764583,2025-11-22 15:00:00-07:00
-112.79739011547186,53.242955046747895,2.1182596310485464,2025-11-22 15:00:00-07:00
-112.74739011547186,53.242955046747895,2.114467799974821,2025-11-22 15:00:00-07:00
-112.69739011547186,53.242955046747895,2.111536997419115,2025-11-22 15:00:00-07:00
-112.64739011547186,53.242955046747895,2.109461795195848,2025-11-22 15:00:00-07:00
-112.59739011547187,53.242955046747895,2.1081661009943633,2025-11-22 15:00:00-07:00
-112.54739011547187,53.242955046747895,2.1075390860319914,2025-11-22 15:00:00-07:00
-112.49739011547187,53.242955046747895,2.1074603904226694,2025-11-22 15:00:00-07:00
-112.44739011547188,53.242955046747895,2.1077464436905573,2025-11-22 15:00:00-07:00
-112.39739011547188,53.242955046747895,2.1077430024488475,2025-11-22 15:00:00-07:00
-112.34739011547188,53.242955046747895,2.1080370796762735,2025-11-22 15:00:00-07:00
-112.29739011547188,53.242955046747895,2.1085527983973154,2025-11-22 15:00:00-07:00
-112.24739011547189,53.242955046747895,2.1092309893023398,2025-11-22 15:00:00-07:00
-113.7973901154718,53.29295504674789,2.121778363916088,2025-11-22 15:00:00-07:00
-113.7473901154718,53.29295504674789,2.2222110582950747,2025-11-22 15:00:00-07:00
-113.6973901154718,53.29295504674789,2.223851114919056,2025-11-22 15:00:00-07:00
-113.64739011547181,53.29295504674789,2.2094496781174007,2025-11-22 15:00:00-07:00
-113.59739011547181,53.29295504674789,2.164853978105924,2025-11-22 15:00:00-07:00
-113.54739011547181,53.29295504674789,2.130442247327482,2025-11-22 15:00:00-07:00
-113.49739011547182,53.29295504674789,2.090152589804268,2025-11-22 15:00:00-07:00
-113.44739011547182,53.29295504674789,2.1639219474241234,2025-11-22 15:00:00-07:00
-113.39739011547182,53.29295504674789,2.2699467484769356,2025-11-22 15:00:00-07:00
-113.34739011547182,53.29295504674789,2.2603317610152,2025-11-22 15:00:00-07:00
-113.29739011547183,53.29295504674789,2.283858577339767,2025-11-22 15:00:00-07:00
-113.24739011547183,53.29295504674789,2.286420166087017,2025-11-22 15:00:00-07:00
-113.19739011547183,53.29295504674789,2.2786592739821465,2025-11-22 15:00:00-07:00
-113.14739011547184,53.29295504674789,2.3787659872235243,2025-11-22 15:00:00-07:00
-113.09739011547184,53.29295504674789,2.27558789166239,2025-11-22 15:00:00-07:00
-113.04739011547184,53.29295504674789,2.269284585386664,2025-11-22 15:00:00-07:00
-112.99739011547184,53.29295504674789,2.26397065144999,2025-11-22 15:00:00-07:00
-112.94739011547185,53.29295504674789,2.252058571620643,2025-11-22 15:00:00-07:00
-112.89739011547185,53.29295504674789,2.1227091949391,2025-11-22 15:00:00-07:00
-112.84739011547185,53.29295504674789,2.1169471866512617,2025-11-22 15:00:00-07:00
-112.79739011547186,53.29295504674789,2.111892040126742,2025-11-22 15:00:00-07:00
-112.74739011547186,53.29295504674789,2.1078648688797994,2025-11-22 15:00:00-07:00
-112.69739011547186,53.29295504674789,2.10495984218975,2025-11-22 15:00:00-07:00
-112.64739011547186,53.29295504674789,2.103113925799502,2025-11-22 15:00:00-07:00
-112.59739011547187,53.29295504674789,2.1021835296102886,2025-11-22 15:00:00-07:00
-112.54739011547187,53.29295504674789,2.1019988423848,2025-11-22 15:00:00-07:00
-112.49739011547187,53.29295504674789,2.102290344018249,2025-11-22 15:00:00-07:00
-112.44739011547188,53.29295504674789,2.102410667624388,2025-11-22 15:00:00-07:00
-112.39739011547188,53.29295504674789,2.1028912245654086,2025-11-22 15:00:00-07:00
-112.34739011547188,53.29295504674789,2.1036291032357926,2025-11-22 15:00:00-07:00
-112.29739011547188,53.29295504674789,2.1045464187957084,2025-11-22 15:00:00-07:00
-112.24739011547189,53.29295504674789,2.1055851207596112,2025-11-22 15:00:00-07:00
-113.7973901154718,53.34295504674789,2.1960569306229663,2025-11-22 15:00:00-07:00
-113.7473901154718,53.34295504674789,2.2091556275332924,2025-11-22 15:00:00-07:00
-113.6973901154718,53.34295504674789,2.2327155634700344,2025-11-22 15:00:00-07:00
-113.64739011547181,53.34295504674789,2.248776415602663,2025-11-22 15:00:00-07:00
-113.59739011547181,53.34295504674789,2.2421673237662803,2025-11-22 15:00:00-07:00
-113.54739011547181,53.34295504674789,2.2871110689097787,2025-11-22 15:00:00-07:00
-113.49739011547182,53.34295504674789,2.280255994963772,2025-11-22 15:00:00-07:00
-113.44739011547182,53.34295504674789,2.3193963945723852,2025-11-22 15:00:00-07:00
-113.39739011547182,53.34295504674789,2.372016748490455,2025-11-22 15:00:00-07:00
-113.34739011547182,53.34295504674789,2.3166950967174356,2025-11-22 15:00:00-07:00
-113.29739011547183,53.34295504674789,2.3145398129467885,2025-11-22 15:00:00-07:00
-113.24739011547183,53.34295504674789,2.2979059364284025,2025-11-22 15:00:00-07:00
-113.19739011547183,53.34295504674789,2.3783596372659255,2025-11-22 15:00:00-07:00
-113.14739011547184,53.34295504674789,2.362727369110008,2025-11-22 15:00:00-07:00
-113.09739011547184,53.34295504674789,2.26504026888134,2025-11-22 15:00:00-07:00
-113.04739011547184,53.34295504674789,2.257896713255278,2025-11-22 15:00:00-07:00
-112.99739011547184,53.34295504674789,2.247894418073734,2025-11-22 15:00:00-07:00
-112.94739011547185,53.34295504674789,2.123239544418981,2025-11-22 15:00:00-07:00
-112.89739011547185,53.34295504674789,2.1164096560816197,2025-11-22 15:00:00-07:00
-112.84739011547185,53.34295504674789,2.109751976923142,2025-11-22 15:00:00-07:00
-112.79739011547186,53.34295504674789,2.104136050874818,2025-11-22 15:00:00-07:00
-112.74739011547186,53.34295504674789,2.099964947155155,2025-11-22 15:00:00-07:00
-112.69739011547186,53.34295504674789,2.0972630419051717,2025-11-22 15:00:00-07:00
-112.64739011547186,53.34295504674789,2.095852911392551,2025-11-22 15:00:00-07:00
-112.59739011547187,53.34295504674789,2.0954879919131493,2025-11-22 15:00:00-07:00
-112.54739011547187,53.34295504674789,2.095783961450535,2025-11-22 15:00:00-07:00
-112.49739011547187,53.34295504674789,2.096085626853877,2025-11-22 15:00:00-07:00
-112.44739011547188,53.34295504674789,2.096831220201896,2025-11-22 15:00:00-07:00
-112.39739011547188,53.34295504674789,2.0978773727919835,2025-11-22 15:00:00-07:00
-112.34739011547188,53.34295504674789,2.0991192621332626,2025-11-22 15:00:00-07:00
-112.29739011547188,53.34295504674789,2.100481874466223,2025-11-22 15:00:00-07:00
-112.24739011547189,53.34295504674789,2.1019123888193594,2025-11-22 15:00:00-07:00
-113.7973901154718,53.392955046747886,2.1507891366152685,2025-11-22 15:00:00-07:00
-113.7473901154718,53.392955046747886,2.1675108414534043,2025-11-22 15:00:00-07:00
-113.6973901154718,53.392955046747886,2.222330206223674,2025-11-22 15:00:00-07:00
-113.64739011547181,53.392955046747886,2.2787171664689327,2025-11-22 15:00:00-07:00
-113.59739011547181,53.392955046747886,2.300721836706659,2025-11-22 15:00:00-07:00
-113.54739011547181,53.392955046747886,2.373769522439634,2025-11-22 15:00:00-07:00
-113.49739011547182,53.392955046747886,2.3911766170919764,2025-11-22 15:00:00-07:00
-113.44739011547182,53.392955046747886,2.432775522254869,2025-11-22 15:00:00-07:00
-113.39739011547182,53.392955046747886,2.4580441115000125,2025-11-22 15:00:00-07:00
-113.34739011547182,53.392955046747886,2.3688747269598296,2025-11-22 15:00:00-07:00
-113.29739011547183,53.392955046747886,2.3349121120532534,2025-11-22 15:00:00-07:00
-113.24739011547183,53.392955046747886,2.388535157595172,2025-11-22 15:00:00-07:00
-113.19739011547183,53.392955046747886,2.3561029995194303,2025-11-22 15:00:00-07:00
-113.14739011547184,53.392955046747886,2.3282433924676744,2025-11-22 15:00:00-07:00
-113.09739011547184,53.392955046747886,2.3100890560904452,2025-11-22 15:00:00-07:00
-113.04739011547184,53.392955046747886,2.2344149144617647,2025-11-22 15:00:00-07:00
-112.99739011547184,53.392955046747886,2.2282080540867417,2025-11-22 15:00:00-07:00
-112.94739011547185,53.392955046747886,2.1167626855678803,2025-11-22 15:00:00-07:00
-112.89739011547185,53.392955046747886,2.1086029959187633,2025-11-22 15:00:00-07:00
-112.84739011547185,53.392955046747886,2.1007540545387453,2025-11-22 15:00:00-07:00
-112.79739011547186,53.392955046747886,2.0945890751916574,2025-11-22 15:00:00-07:00
-112.74739011547186,53.392955046747886,2.0905004945391696,2025-11-22 15:00:00-07:00
-112.69739011547186,53.392955046747886,2.0883072857360827,2025-11-22 15:00:00-07:00
-112.64739011547186,53.392955046747886,2.0876330697984016,2025-11-22 15:00:00-07:00
-112.59739011547187,53.392955046747886,2.087927074599726,2025-11-22 15:00:00-07:00
-112.54739011547187,53.392955046747886,2.08849163216078,2025-11-22 15:00:00-07:00
-112.49739011547187,53.392955046747886,2.089615600227843,2025-11-22 15:00:00-07:00
-112.44739011547188,53.392955046747886,2.0910935164808415,2025-11-22 15:00:00-07:00
-112.39739011547188,53.392955046747886,2.092780678116369,2025-11-22 15:00:00-07:00
-112.34739011547188,53.392955046747886,2.09457834309944,2025-11-22 15:00:00-07:00
-112.29739011547188,53.392955046747886,2.0965887708256794,2025-11-22 15:00:00-07:00
-112.24739011547189,53.392955046747886,2.0995341726444137,2025-11-22 15:00:00-07:00
-113.7973901154718,53.44295504674788,2.081879380055426,2025-11-22 15:00:00-07:00
-113.7473901154718,53.44295504674788,2.084008849508891,2025-11-22 15:00:00-07:00
-113.6973901154718,53.44295504674788,2.186533404289628,2025-11-22 15:00:00-07:00
-113.64739011547181,53.44295504674788,2.304758513795016,2025-11-22 15:00:00-07:00
-113.59739011547181,53.44295504674788,2.3339271735037714,2025-11-22 15:00:00-07:00
-113.54739011547181,53.44295504674788,2.3132699292052785,2025-11-22 15:00:00-07:00
-113.49739011547182,53.44295504674788,2.3634888061856927,2025-11-22 15:00:00-07:00
-113.44739011547182,53.44295504674788,2.4992922897192176,2025-11-22 15:00:00-07:00
-113.39739011547182,53.44295504674788,2.528747045075025,2025-11-22 15:00:00-07:00
-113.34739011547182,53.44295504674788,2.455418402925932,2025-11-22 15:00:00-07:00
-113.29739011547183,53.44295504674788,2.379580033134278,2025-11-22 15:00:00-07:00
-113.24739011547183,53.44295504674788,2.3528056447424035,2025-11-22 15:00:00-07:00
-113.19739011547183,53.44295504674788,2.3088289992782434,2025-11-22 15:00:00-07:00
-113.14739011547184,53.44295504674788,2.260002783154973,2025-11-22 15:00:00-07:00
-113.09739011547184,53.44295504674788,2.1975214166173407,2025-11-22 15:00:00-07:00
-113.04739011547184,53.44295504674788,2.2037542285135983,2025-11-22 15:00:00-07:00
-112.99739011547184,53.44295504674788,2.1161632739127167,2025-11-22 15:00:00-07:00
-112.94739011547185,53.44295504674788,2.1090869062143685,2025-11-22 15:00:00-07:00
-112.89739011547185,53.44295504674788,2.0986641608534273,2025-11-22 15:00:00-07:00
-112.84739011547185,53.44295504674788,2.089263527741584,2025-11-22 15:00:00-07:00
-112.79739011547186,53.44295504674788,2.0827804368060967,2025-11-22 15:00:00-07:00
-112.74739011547186,53.44295504674788,2.079252914496223,2025-11-22 15:00:00-07:00
-112.69739011547186,53.44295504674788,2.0780476168556667,2025-11-22 15:00:00-07:00
-112.64739011547186,53.44295504674788,2.0783233813014212,2025-11-22 15:00:00-07:00
-112.59739011547187,53.44295504674788,2.079263743153074,2025-11-22 15:00:00-07:00
-112.54739011547187,53.44295504674788,2.080927712810678,2025-11-22 15:00:00-07:00
-112.49739011547187,53.44295504674788,2.0830140615807764,2025-11-22 15:00:00-07:00
-112.44739011547188,53.44295504674788,2.0853175609503856,2025-11-22 15:00:00-07:00
-112.39739011547188,53.44295504674788,2.0879627889492856,2025-11-22 15:00:00-07:00
-112.34739011547188,53.44295504674788,2.0916276119897934,2025-11-22 15:00:00-07:00
-114.19739011547178,53.49295504674788,2.101666037589261,2025-11-22 15:00:00-07:00
-114.14739011547178,53.49295504674788,2.116157565786105,2025-11-22 15:00:00-07:00
-114.09739011547178,53.49295504674788,2.138441146388532,2025-11-22 15:00:00-07:00
-114.04739011547179,53.49295504674788,2.161703382309065,2025-11-22 15:00:00-07:00
-113.99739011547179,53.49295504674788,2.1769110150623523,2025-11-22 15:00:00-07:00
-113.94739011547179,53.49295504674788,2.1762855621056927,2025-11-22 15:00:00-07:00
-113.8973901154718,53.49295504674788,2.1540266262881564,2025-11-22 15:00:00-07:00
-113.8473901154718,53.49295504674788,2.1051471657715046,2025-11-22 15:00:00-07:00
-113.7973901154718,53.49295504674788,2.0334178385306907,2025-11-22 15:00:00-07:00
-113.7473901154718,53.49295504674788,2.0078752647411062,2025-11-22 15:00:00-07:00
-113.6973901154718,53.49295504674788,2.1613774951427747,2025-11-22 15:00:00-07:00
-113.64739011547181,53.49295504674788,2.391543383087507,2025-11-22 15:00:00-07:00
-113.59739011547181,53.49295504674788,2.4502674444475794,2025-11-22 15:00:00-07:00
-113.54739011547181,53.49295504674788,2.132866736339318,2025-11-22 15:00:00-07:00
-113.49739011547182,53.49295504674788,2.2806037258420173,2025-11-22 15:00:00-07:00
-113.44739011547182,53.49295504674788,2.6132075186388515,2025-11-22 15:00:00-07:00
-113.39739011547182,53.49295504674788,2.6684330018601314,2025-11-22 15:00:00-07:00
-113.34739011547182,53.49295504674788,2.4128143137439335,2025-11-22 15:00:00-07:00
-113.29739011547183,53.49295504674788,2.247041690284019,2025-11-22 15:00:00-07:00
-113.24739011547183,53.49295504674788,2.309462274429795,2025-11-22 15:00:00-07:00
-113.19739011547183,53.49295504674788,2.2403241072926674,2025-11-22 15:00:00-07:00
-113.14739011547184,53.49295504674788,2.1433250680424463,2025-11-22 15:00:00-07:00
-113.09739011547184,53.49295504674788,2.1313618005838317,2025-11-22 15:00:00-07:00
-113.04739011547184,53.49295504674788,2.1711173412678524,2025-11-22 15:00:00-07:00
-112.99739011547184,53.49295504674788,2.1100012447458325,2025-11-22 15:00:00-07:00
-112.94739011547185,53.49295504674788,2.0998845962294714,2025-11-22 15:00:00-07:00
-112.89739011547185,53.49295504674788,2.0854480836277665,2025-11-22 15:00:00-07:00
-112.84739011547185,53.49295504674788,2.0743595497487783,2025-11-22 15:00:00-07:00
-112.79739011547186,53.49295504674788,2.068333720866899,2025-11-22 15:00:00-07:00
-112.74739011547186,53.49295504674788,2.0662272172375244,2025-11-22 15:00:00-07:00
-112.69739011547186,53.49295504674788,2.0664745617366655,2025-11-22 15:00:00-07:00
-112.64739011547186,53.49295504674788,2.067943646354926,2025-11-22 15:00:00-07:00
-112.59739011547187,53.49295504674788,2.0703671702261617,2025-11-22 15:00:00-07:00
-112.54739011547187,53.49295504674788,2.0733072917349014,2025-11-22 15:00:00-07:00
-112.49739011547187,53.49295504674788,2.0768363281987208,2025-11-22 15:00:00-07:00
-112.44739011547188,53.49295504674788,2.08150102263715,2025-11-22 15:00:00-07:00
-112.39739011547188,53.49295504674788,2.085899640316095,2025-11-22 15:00:00-07:00
-112.34739011547188,53.49295504674788,2.089998470098558,2025-11-22 15:00:00-07:00
-114.19739011547178,53.54295504674788,2.1366258551656867,2025-11-22 15:00:00-07:00
-114.14739011547178,53.54295504674788,2.1494723132482814,2025-11-22 15:00:00-07:00
-114.09739011547178,53.54295504674788,2.1664280266035405,2025-11-22 15:00:00-07:00
-114.04739011547179,53.54295504674788,2.1824709511029896,2025-11-22 15:00:00-07:00
-113.99739011547179,53.54295504674788,2.1914208998187705,2025-11-22 15:00:00-07:00
-113.94739011547179,53.54295504674788,2.1877971377196572,2025-11-22 15:00:00-07:00
-113.8973901154718,53.54295504674788,2.1673921875418856,2025-11-22 15:00:00-07:00
-113.8473901154718,53.54295504674788,2.1276715809692224,2025-11-22 15:00:00-07:00
-113.7973901154718,53.54295504674788,2.0766953891180866,2025-11-22 15:00:00-07:00
-113.7473901154718,53.54295504674788,2.0892372249249935,2025-11-22 15:00:00-07:00
-113.6973901154718,53.54295504674788,2.2414583782952886,2025-11-22 15:00:00-07:00
-113.64739011547181,53.54295504674788,2.4229474257539376,2025-11-22 15:00:00-07:00
-113.59739011547181,53.54295504674788,2.6885754037697733,2025-11-22 15:00:00-07:00
-113.54739011547181,53.54295504674788,2.7707186133844703,2025-11-22 15:00:00-07:00
-113.49739011547182,53.54295504674788,2.9340169547814843,2025-11-22 15:00:00-07:00
-113.44739011547182,53.54295504674788,2.807711168423258,2025-11-22 15:00:00-07:00
-113.39739011547182,53.54295504674788,2.8559811176123095,2025-11-22 15:00:00-07:00
-113.34739011547182,53.54295504674788,2.6402506558788974,2025-11-22 15:00:00-07:00
-113.29739011547183,53.54295504674788,2.1491767441264313,2025-11-22 15:00:00-07:00
-113.24739011547183,53.54295504674788,2.3245348011973466,2025-11-22 15:00:00-07:00
-113.19739011547183,53.54295504674788,2.185756552052664,2025-11-22 15:00:00-07:00
-113.14739011547184,53.54295504674788,2.008298665284654,2025-11-22 15:00:00-07:00
-113.09739011547184,53.54295504674788,2.0761997083557997,2025-11-22 15:00:00-07:00
-113.04739011547184,53.54295504674788,2.155417466608211,2025-11-22 15:00:00-07:00
-112.99739011547184,53.54295504674788,2.1070860399973657,2025-11-22 15:00:00-07:00
-112.79739011547186,53.54295504674788,2.093082999778784,2025-11-22 15:00:00-07:00
-112.74739011547186,53.54295504674788,2.0971505693358488,2025-11-22 15:00:00-07:00
-112.69739011547186,53.54295504674788,2.054053327903477,2025-11-22 15:00:00-07:00
-112.64739011547186,53.54295504674788,2.0574908684469215,2025-11-22 15:00:00-07:00
-112.59739011547187,53.54295504674788,2.062081102697564,2025-11-22 15:00:00-07:00
-112.54739011547187,53.54295504674788,2.0680761665929643,2025-11-22 15:00:00-07:00
-112.49739011547187,53.54295504674788,2.0738364321664298,2025-11-22 15:00:00-07:00
-112.44739011547188,53.54295504674788,2.0792181617706267,2025-11-22 15:00:00-07:00
-112.39739011547188,53.54295504674788,2.0841687956784574,2025-11-22 15:00:00-07:00
-112.34739011547188,53.54295504674788,2.088689298770975,2025-11-22 15:00:00-07:00
-114.19739011547178,53.592955046747875,2.1663014928256064,2025-11-22 15:00:00-07:00
-114.14739011547178,53.592955046747875,2.1772427760185953,2025-11-22 15:00:00-07:00
-114.09739011547178,53.592955046747875,2.1901730156153696,2025-11-22 15:00:00-07:00
-114.04739011547179,53.592955046747875,2.201686250987826,2025-11-22 15:00:00-07:00
-113.99739011547179,53.592955046747875,2.2079637506346157,2025-11-22 15:00:00-07:00
-113.94739011547179,53.592955046747875,2.2060008574047356,2025-11-22 15:00:00-07:00
-113.8973901154718,53.592955046747875,2.194661007139055,2025-11-22 15:00:00-07:00
-113.8473901154718,53.592955046747875,2.1767445881212897,2025-11-22 15:00:00-07:00
-113.7973901154718,53.592955046747875,2.195900241377426,2025-11-22 15:00:00-07:00
-113.7473901154718,53.592955046747875,2.218709772233135,2025-11-22 15:00:00-07:00
-113.6973901154718,53.592955046747875,2.273230088291173,2025-11-22 15:00:00-07:00
-113.64739011547181,53.592955046747875,2.2563857500287217,2025-11-22 15:00:00-07:00
-113.59739011547181,53.592955046747875,2.4119715881804824,2025-11-22 15:00:00-07:00
-113.54739011547181,53.592955046747875,2.788425808954863,2025-11-22 15:00:00-07:00
-113.49739011547182,53.592955046747875,2.789066384770632,2025-11-22 15:00:00-07:00
-113.44739011547182,53.592955046747875,2.7634908325939396,2025-11-22 15:00:00-07:00
-113.39739011547182,53.592955046747875,2.7830372187721677,2025-11-22 15:00:00-07:00
-113.34739011547182,53.592955046747875,2.6493642252001623,2025-11-22 15:00:00-07:00
-113.29739011547183,53.592955046747875,2.466623558858594,2025-11-22 15:00:00-07:00
-114.19739011547178,53.64295504674787,2.190834261595932,2025-11-22 15:00:00-07:00
-114.14739011547178,53.64295504674787,2.20014924118907,2025-11-22 15:00:00-07:00
-114.09739011547178,53.64295504674787,2.210445247476082,2025-11-22 15:00:00-07:00
-114.04739011547179,53.64295504674787,2.219582204227469,2025-11-22 15:00:00-07:00
-113.99739011547179,53.64295504674787,2.2254495878328173,2025-11-22 15:00:00-07:00
-113.94739011547179,53.64295504674787,2.2268432989164486,2025-11-22 15:00:00-07:00
-113.8973901154718,53.64295504674787,2.224421300518919,2025-11-22 15:00:00-07:00
-113.8473901154718,53.64295504674787,2.2219352602488565,2025-11-22 15:00:00-07:00
-113.7973901154718,53.64295504674787,2.268660257404792,2025-11-22 15:00:00-07:00
-113.7473901154718,53.64295504674787,2.27758436502795,2025-11-22 15:00:00-07:00
-113.6973901154718,53.64295504674787,2.262205789824254,2025-11-22 15:00:00-07:00
-113.64739011547181,53.64295504674787,2.1380889090658117,2025-11-22 15:00:00-07:00
-113.59739011547181,53.64295504674787,2.0828430225231687,2025-11-22 15:00:00-07:00
-113.54739011547181,53.64295504674787,2.474445686016661,2025-11-22 15:00:00-07:00
-113.49739011547182,53.64295504674787,2.633380600350168,2025-11-22 15:00:00-07:00
-113.44739011547182,53.64295504674787,2.6645125469726225,2025-11-22 15:00:00-07:00
-113.39739011547182,53.64295504674787,2.7372343544187805,2025-11-22 15:00:00-07:00
-113.34739011547182,53.64295504674787,2.6304087382969317,2025-11-22 15:00:00-07:00
-113.29739011547183,53.64295504674787,2.676284779941149,2025-11-22 15:00:00-07:00
-114.19739011547178,53.69295504674787,2.211123401893084,2025-11-22 15:00:00-07:00
-114.14739011547178,53.69295504674787,2.2192526190057453,2025-11-22 15:00:00-07:00
-114.09739011547178,53.69295504674787,2.2279813862707805,2025-11-22 15:00:00-07:00
-114.04739011547179,53.69295504674787,2.236047379493431,2025-11-22 15:00:00-07:00
-113.99739011547179,53.69295504674787,2.2423903385183284,2025-11-22 15:00:00-07:00
-113.94739011547179,53.69295504674787,2.246698316434245,2025-11-22 15:00:00-07:00
-113.8973901154718,53.69295504674787,2.249886753279392,2025-11-22 15:00:00-07:00
-113.8473901154718,53.69295504674787,2.31273151487924,2025-11-22 15:00:00-07:00
-113.7973901154718,53.69295504674787,2.3121720078805637,2025-11-22 15:00:00-07:00
-113.7473901154718,53.69295504674787,2.311747210719029,2025-11-22 15:00:00-07:00
-113.6973901154718,53.69295504674787,2.294116464193653,2025-11-22 15:00:00-07:00
-113.64739011547181,53.69295504674787,2.2536542647678535,2025-11-22 15:00:00-07:00
-113.59739011547181,53.69295504674787,2.2800891969866295,2025-11-22 15:00:00-07:00
-113.54739011547181,53.69295504674787,2.4301550273560135,2025-11-22 15:00:00-07:00
-113.49739011547182,53.69295504674787,2.5413676693739826,2025-11-22 15:00:00-07:00
-113.44739011547182,53.69295504674787,2.5720027994358885,2025-11-22 15:00:00-07:00
-113.39739011547182,53.69295504674787,2.6555398591775705,2025-11-22 15:00:00-07:00
-113.34739011547182,53.69295504674787,2.587163137464261,2025-11-22 15:00:00-07:00
-113.29739011547183,53.69295504674787,2.741780363371219,2025-11-22 15:00:00-07:00
-114.14739011547178,53.742955046747866,2.235410141282332,2025-11-22 15:00:00-07:00
-114.09739011547178,53.742955046747866,2.243241931885246,2025-11-22 15:00:00-07:00
-114.04739011547179,53.742955046747866,2.250862659023641,2025-11-22 15:00:00-07:00
-113.99739011547179,53.742955046747866,2.2577678241918897,2025-11-22 15:00:00-07:00
-113.94739011547179,53.742955046747866,2.2639452130881716,2025-11-22 15:00:00-07:00
-113.8973901154718,53.742955046747866,2.2700067447451304,2025-11-22 15:00:00-07:00
-113.8473901154718,53.742955046747866,2.3431860362600627,2025-11-22 15:00:00-07:00
-113.7973901154718,53.742955046747866,2.343854650237304,2025-11-22 15:00:00-07:00
-113.7473901154718,53.742955046747866,2.3445085300185595,2025-11-22 15:00:00-07:00
-113.6973901154718,53.742955046747866,2.2817768065138466,2025-11-22 15:00:00-07:00
-113.64739011547181,53.742955046747866,2.2839969723245406,2025-11-22 15:00:00-07:00
-113.59739011547181,53.742955046747866,2.308739498603286,2025-11-22 15:00:00-07:00
-113.54739011547181,53.742955046747866,2.4329335683539255,2025-11-22 15:00:00-07:00
-113.49739011547182,53.742955046747866,2.4703700489526144,2025-11-22 15:00:00-07:00
-114.14739011547178,53.79295504674786,2.24921746402721,2025-11-22 15:00:00-07:00
-114.09739011547178,53.79295504674786,2.2565155655720592,2025-11-22 15:00:00-07:00
-114.04739011547179,53.79295504674786,2.2639209923346093,2025-11-22 15:00:00-07:00
-113.99739011547179,53.79295504674786,2.271193938603309,2025-11-22 15:00:00-07:00
-113.94739011547179,53.79295504674786,2.2783793928580884,2025-11-22 15:00:00-07:00
-113.8973901154718,53.79295504674786,2.2856563648007486,2025-11-22 15:00:00-07:00
-113.8473901154718,53.79295504674786,2.287839490434176,2025-11-22 15:00:00-07:00
-113.7973901154718,53.79295504674786,2.2914206841547236,2025-11-22 15:00:00-07:00
-113.7473901154718,53.79295504674786,2.295601800279727,2025-11-22 15:00:00-07:00
-113.6973901154718,53.79295504674786,2.3002132195661136,2025-11-22 15:00:00-07:00
-113.64739011547181,53.79295504674786,2.3077430404971744,2025-11-22 15:00:00-07:00
-113.59739011547181,53.79295504674786,2.4077131374981073,2025-11-22 15:00:00-07:00
-113.54739011547181,53.79295504674786,2.4205423280351472,2025-11-22 15:00:00-07:00
-113.49739011547182,53.79295504674786,2.51009402791,2025-11-22 15:00:00-07:00
-114.09739011547178,53.84295504674786,2.2680254551247967,2025-11-22 15:00:00-07:00
-114.04739011547179,53.84295504674786,2.2752629580876786,2025-11-22 15:00:00-07:00
-113.99739011547179,53.84295504674786,2.2826814507541573,2025-11-22 15:00:00-07:00
-113.94739011547179,53.84295504674786,2.2903205013299686,2025-11-22 15:00:00-07:00
-113.8973901154718,53.84295504674786,2.2941700846183206,2025-11-22 15:00:00-07:00
-113.8473901154718,53.84295504674786,2.296451850128579,2025-11-22 15:00:00-07:00
-113.7973901154718,53.84295504674786,2.299673591890667,2025-11-22 15:00:00-07:00
-113.7473901154718,53.84295504674786,2.303487203042681,2025-11-22 15:00:00-07:00
-113.6973901154718,53.84295504674786,2.3076715062670554,2025-11-22 15:00:00-07:00
-113.64739011547181,53.84295504674786,2.3119701297873965,2025-11-22 15:00:00-07:00
-113.59739011547181,53.84295504674786,2.410768236362779,2025-11-22 15:00:00-07:00
-113.54739011547181,53.84295504674786,2.400022224206857,2025-11-22 15:00:00-07:00
-113.49739011547182,53.84295504674786,2.4644528605440557,2025-11-22 15:00:00-07:00
-114.04739011547179,53.89295504674786,2.2850234441858195,2025-11-22 15:00:00-07:00
-113.99739011547179,53.89295504674786,2.2924110828381012,2025-11-22 15:00:00-07:00
-113.94739011547179,53.89295504674786,2.29862161960212,2025-11-22 15:00:00-07:00
-113.8973901154718,53.89295504674786,2.2998641868010363,2025-11-22 15:00:00-07:00
-113.8473901154718,53.89295504674786,2.3017931974893173,2025-11-22 15:00:00-07:00
-113.7973901154718,53.89295504674786,2.3042040915517967,2025-11-22 15:00:00-07:00
-113.7473901154718,53.89295504674786,2.3066998573284834,2025-11-22 15:00:00-07:00
-113.6973901154718,53.89295504674786,2.3086075388553966,2025-11-22 15:00:00-07:00
-113.64739011547181,53.89295504674786,2.3085053671049764,2025-11-22 15:00:00-07:00
-113.59739011547181,53.89295504674786,2.4054839711859204,2025-11-22 15:00:00-07:00
-113.54739011547181,53.89295504674786,2.491541767994381,2025-11-22 15:00:00-07:00
-113.49739011547182,53.89295504674786,2.4454126392754474,2025-11-22 15:00:00-07:00
-114.04739011547179,53.942955046747855,2.2933756135778665,2025-11-22 15:00:00-07:00
-113.99739011547179,53.942955046747855,2.3006060401298125,2025-11-22 15:00:00-07:00
-113.94739011547179,53.942955046747855,2.3024965703198608,2025-11-22 15:00:00-07:00
-113.8973901154718,53.942955046747855,2.303497963405432,2025-11-22 15:00:00-07:00
-113.8473901154718,53.942955046747855,2.3048213692122332,2025-11-22 15:00:00-07:00
-113.7973901154718,53.942955046747855,2.3061922650238036,2025-11-22 15:00:00-07:00
-113.7473901154718,53.942955046747855,2.3071060282765417,2025-11-22 15:00:00-07:00
-113.6973901154718,53.942955046747855,2.3066756270366744,2025-11-22 15:00:00-07:00
-113.64739011547181,53.942955046747855,2.3033050727484516,2025-11-22 15:00:00-07:00
-113.59739011547181,53.942955046747855,2.4041463607850106,2025-11-22 15:00:00-07:00
-113.54739011547181,53.942955046747855,2.4893280355176586,2025-11-22 15:00:00-07:00
-113.49739011547182,53.942955046747855,2.4553724068497735,2025-11-22 15:00:00-07:00
-114.04739011547179,53.99295504674785,2.300497436657819,2025-11-22 15:00:00-07:00
-113.99739011547179,53.99295504674785,2.304665289545795,2025-11-22 15:00:00-07:00
-113.94739011547179,53.99295504674785,2.3050779201169487,2025-11-22 15:00:00-07:00
-113.8973901154718,53.99295504674785,2.3056900171343186,2025-11-22 15:00:00-07:00
-113.8473901154718,53.99295504674785,2.306332465086201,2025-11-22 15:00:00-07:00
-113.7973901154718,53.99295504674785,2.3066880019389564,2025-11-22 15:00:00-07:00
-113.7473901154718,53.99295504674785,2.306223044685516,2025-11-22 15:00:00-07:00
-113.6973901154718,53.99295504674785,2.30407982092188,2025-11-22 15:00:00-07:00
-113.64739011547181,53.99295504674785,2.29893261597457,2025-11-22 15:00:00-07:00
-113.59739011547181,53.99295504674785,2.5183093278036024,2025-11-22 15:00:00-07:00
-113.54739011547181,53.99295504674785,2.5036979946713807,2025-11-22 15:00:00-07:00
-113.49739011547182,53.99295504674785,2.4835314507234774,2025-11-22 15:00:00-07:00
-114.04739011547179,54.04295504674785,2.3063521056099767,2025-11-22 15:00:00-07:00
-113.99739011547179,54.04295504674785,2.3065729006505884,2025-11-22 15:00:00-07:00
-113.94739011547179,54.04295504674785,2.306746387788923,2025-11-22 15:00:00-07:00
-113.8973901154718,54.04295504674785,2.306936023157381,2025-11-22 15:00:00-07:00
-113.8473901154718,54.04295504674785,2.3069497376842545,2025-11-22 15:00:00-07:00
-113.7973901154718,54.04295504674785,2.3064710574399103,2025-11-22 15:00:00-07:00
-113.7473901154718,54.04295504674785,2.3050149209584925,2025-11-22 15:00:00-07:00
-113.6973901154718,54.04295504674785,2.301878690715502,2025-11-22 15:00:00-07:00
-113.64739011547181,54.04295504674785,2.5401074184509898,2025-11-22 15:00:00-07:00
-113.59739011547181,54.04295504674785,2.5325769182499642,2025-11-22 15:00:00-07:00
-113.54739011547181,54.04295504674785,2.5233710290810984,2025-11-22 15:00:00-07:00
-113.49739011547182,54.04295504674785,2.513429673874275,2025-11-22 15:00:00-07:00
-114.14739011547178,54.092955046747846,2.300167306331017,2025-11-22 15:00:00-07:00
-114.09739011547178,54.092955046747846,2.3047412727337946,2025-11-22 15:00:00-07:00
-114.04739011547179,54.092955046747846,2.3079788606912732,2025-11-22 15:00:00-07:00
-113.99739011547179,54.092955046747846,2.307889614343904,2025-11-22 15:00:00-07:00
-113.94739011547179,54.092955046747846,2.3078059524299186,2025-11-22 15:00:00-07:00
-113.8973901154718,54.092955046747846,2.307611181034795,2025-11-22 15:00:00-07:00
-113.8473901154718,54.092955046747846,2.3071162903277345,2025-11-22 15:00:00-07:00
-113.7973901154718,54.092955046747846,2.306038543721694,2025-11-22 15:00:00-07:00
-113.7473901154718,54.092955046747846,2.3039815960370076,2025-11-22 15:00:00-07:00
-113.6973901154718,54.092955046747846,2.4274074335364757,2025-11-22 15:00:00-07:00
-113.64739011547181,54.092955046747846,2.5521572360441374,2025-11-22 15:00:00-07:00
-113.59739011547181,54.092955046747846,2.5475276699614415,2025-11-22 15:00:00-07:00
-113.54739011547181,54.092955046747846,2.5431420941770146,2025-11-22 15:00:00-07:00
-113.49739011547182,54.092955046747846,2.5404814700659357,2025-11-22 15:00:00-07:00
-114.14739011547178,54.14295504674784,2.303567381293559,2025-11-22 15:00:00-07:00
-114.09739011547178,54.14295504674784,2.307397751782851,2025-11-22 15:00:00-07:00
-114.04739011547179,54.14295504674784,2.3090474041730578,2025-11-22 15:00:00-07:00
-113.99739011547179,54.14295504674784,2.308803491405709,2025-11-22 15:00:00-07:00
-113.94739011547179,54.14295504674784,2.308486039445085,2025-11-22 15:00:00-07:00
-113.8973901154718,54.14295504674784,2.307980155584306,2025-11-22 15:00:00-07:00
-113.8473901154718,54.14295504674784,2.3071167346737647,2025-11-22 15:00:00-07:00
-113.7973901154718,54.14295504674784,2.305662800611776,2025-11-22 15:00:00-07:00
-113.7473901154718,54.14295504674784,2.4342595117595427,2025-11-22 15:00:00-07:00
-113.6973901154718,54.14295504674784,2.436265234053101,2025-11-22 15:00:00-07:00
-113.64739011547181,54.14295504674784,2.5639821314372924,2025-11-22 15:00:00-07:00
-113.59739011547181,54.14295504674784,2.561941857166116,2025-11-22 15:00:00-07:00
-113.54739011547181,54.14295504674784,2.561189439847995,2025-11-22 15:00:00-07:00
-113.49739011547182,54.14295504674784,2.5631146460099985,2025-11-22 15:00:00-07:00
-114.14739011547178,54.19295504674784,2.3061420555265215,2025-11-22 15:00:00-07:00
-114.09739011547178,54.19295504674784,2.3095124701162,2025-11-22 15:00:00-07:00
-114.04739011547179,54.19295504674784,2.30984270144561,2025-11-22 15:00:00-07:00
-113.99739011547179,54.19295504674784,2.309457598609139,2025-11-22 15:00:00-07:00
-113.94739011547179,54.19295504674784,2.308949949407963,2025-11-22 15:00:00-07:00
-113.8973901154718,54.19295504674784,2.3082160764647943,2025-11-22 15:00:00-07:00
-113.8473901154718,54.19295504674784,2.307114675846438,2025-11-22 15:00:00-07:00
-113.7973901154718,54.19295504674784,2.43962313463979,2025-11-22 15:00:00-07:00
-113.7473901154718,54.19295504674784,2.442030169112163,2025-11-22 15:00:00-07:00
-113.6973901154718,54.19295504674784,2.5761613943374257,2025-11-22 15:00:00-07:00
-113.64739011547181,54.19295504674784,2.575106068954908,2025-11-22 15:00:00-07:00
-113.59739011547181,54.19295504674784,2.5750853271444685,2025-11-22 15:00:00-07:00
-113.54739011547181,54.19295504674784,2.5767856375658544,2025-11-22 15:00:00-07:00
-113.49739011547182,54.19295504674784,2.58129789481908,2025-11-22 15:00:00-07:00
-114.24739011547177,54.24295504674784,2.302357095361216,2025-11-22 15:00:00-07:00
-114.19739011547178,54.24295504674784,2.305275081108382,2025-11-22 15:00:00-07:00
-114.14739011547178,54.24295504674784,2.3082536554071096,2025-11-22 15:00:00-07:00
-114.09739011547178,54.24295504674784,2.3108737422745254,2025-11-22 15:00:00-07:00
-114.04739011547179,54.24295504674784,2.310455885682613,2025-11-22 15:00:00-07:00
-113.99739011547179,54.24295504674784,2.309955371261533,2025-11-22 15:00:00-07:00
-113.94739011547179,54.24295504674784,2.309307099478205,2025-11-22 15:00:00-07:00
-113.8973901154718,54.24295504674784,2.3084230662839578,2025-11-22 15:00:00-07:00
-113.8473901154718,54.24295504674784,2.4440278497916825,2025-11-22 15:00:00-07:00
-113.7973901154718,54.24295504674784,2.4464551681262847,2025-11-22 15:00:00-07:00
-113.7473901154718,54.24295504674784,2.449365000926365,2025-11-22 15:00:00-07:00
-113.6973901154718,54.24295504674784,2.585037619331034,2025-11-22 15:00:00-07:00
-113.64739011547181,54.24295504674784,2.585232379831258,2025-11-22 15:00:00-07:00
-113.59739011547181,54.24295504674784,2.5866457847540705,2025-11-22 15:00:00-07:00
-113.54739011547181,54.24295504674784,2.589849472068666,2025-11-22 15:00:00-07:00
-113.49739011547182,54.24295504674784,2.5956222781480096,2025-11-22 15:00:00-07:00
-114.24739011547177,54.292955046747835,2.3047335512881446,2025-11-22 15:00:00-07:00
-114.19739011547178,54.292955046747835,2.3073559217321833,2025-11-22 15:00:00-07:00
-114.14739011547178,54.292955046747835,2.310004516380285,2025-11-22 15:00:00-07:00
-114.09739011547178,54.292955046747835,2.3114405406215317,2025-11-22 15:00:00-07:00
-114.04739011547179,54.292955046747835,2.3109540074375508,2025-11-22 15:00:00-07:00
-113.99739011547179,54.292955046747835,2.310367898620822,2025-11-22 15:00:00-07:00
-113.94739011547179,54.292955046747835,2.309626099329167,2025-11-22 15:00:00-07:00
-113.8973901154718,54.292955046747835,2.4477672166466755,2025-11-22 15:00:00-07:00
-113.8473901154718,54.292955046747835,2.4500520766369953,2025-11-22 15:00:00-07:00
-113.7973901154718,54.292955046747835,2.452813602552242,2025-11-22 15:00:00-07:00
-113.7473901154718,54.292955046747835,2.456143271044905,2025-11-22 15:00:00-07:00
-113.6973901154718,54.292955046747835,2.5931233016422652,2025-11-22 15:00:00-07:00
-113.64739011547181,54.292955046747835,2.594237318301573,2025-11-22 15:00:00-07:00
-113.59739011547181,54.292955046747835,2.596588525390941,2025-11-22 15:00:00-07:00
-113.54739011547181,54.292955046747835,2.6006115364689206,2025-11-22 15:00:00-07:00
-113.49739011547182,54.292955046747835,2.606829298408355,2025-11-22 15:00:00-07:00
-114.24739011547177,54.34295504674783,2.30675999992354,2025-11-22 15:00:00-07:00
-114.19739011547178,54.34295504674783,2.3091173535385705,2025-11-22 15:00:00-07:00
-114.14739011547178,54.34295504674783,2.3114757171891127,2025-11-22 15:00:00-07:00
-114.09739011547178,54.34295504674783,2.3119214187990886,2025-11-22 15:00:00-07:00
-114.04739011547179,54.34295504674783,2.311384293175011,2025-11-22 15:00:00-07:00
-113.99739011547179,54.34295504674783,2.3107414614036994,2025-11-22 15:00:00-07:00
-113.94739011547179,54.34295504674783,2.4510142134901503,2025-11-22 15:00:00-07:00
-113.8973901154718,54.34295504674783,2.453096717156768,2025-11-22 15:00:00-07:00
-113.8473901154718,54.34295504674783,2.4556195636745244,2025-11-22 15:00:00-07:00
-113.7973901154718,54.34295504674783,2.4586517958757805,2025-11-22 15:00:00-07:00
-113.7473901154718,54.34295504674783,2.5995305756818516,2025-11-22 15:00:00-07:00
-113.6973901154718,54.34295504674783,2.600374890699358,2025-11-22 15:00:00-07:00
-113.64739011547181,54.34295504674783,2.6021208331603725,2025-11-22 15:00:00-07:00
-113.59739011547181,54.34295504674783,2.605029742357628,2025-11-22 15:00:00-07:00
-113.54739011547181,54.34295504674783,2.609413399900724,2025-11-22 15:00:00-07:00
-113.49739011547182,54.34295504674783,2.494846178809007,2025-11-22 15:00:00-07:00
-113.44739011547182,54.34295504674783,2.3871310569647095,2025-11-22 15:00:00-07:00
-113.39739011547182,54.34295504674783,2.3965962815795177,2025-11-22 15:00:00-07:00
-113.34739011547182,54.34295504674783,2.405414405802518,2025-11-22 15:00:00-07:00
-113.29739011547183,54.34295504674783,2.412419951778819,2025-11-22 15:00:00-07:00
-114.24739011547177,54.39295504674783,2.3085027623916403,2025-11-22 15:00:00-07:00
-114.19739011547178,54.39295504674783,2.310624950702377,2025-11-22 15:00:00-07:00
-114.14739011547178,54.39295504674783,2.312730521916509,2025-11-22 15:00:00-07:00
-114.09739011547178,54.39295504674783,2.3123483523201087,2025-11-22 15:00:00-07:00
-114.04739011547179,54.39295504674783,2.311778524423999,2025-11-22 15:00:00-07:00
-113.99739011547179,54.39295504674783,2.453877618492762,2025-11-22 15:00:00-07:00
-113.94739011547179,54.39295504674783,2.4557459981570364,2025-11-22 15:00:00-07:00
-113.8973901154718,54.39295504674783,2.4580083335441016,2025-11-22 15:00:00-07:00
-113.8473901154718,54.39295504674783,2.460718501950407,2025-11-22 15:00:00-07:00
-113.7973901154718,54.39295504674783,2.463947674727399,2025-11-22 15:00:00-07:00
-113.7473901154718,54.39295504674783,2.6055069598087828,2025-11-22 15:00:00-07:00
-113.6973901154718,54.39295504674783,2.6068073489399377,2025-11-22 15:00:00-07:00
-113.64739011547181,54.39295504674783,2.6089561879165672,2025-11-22 15:00:00-07:00
-113.59739011547181,54.39295504674783,2.6121503413361222,2025-11-22 15:00:00-07:00
-113.54739011547181,54.39295504674783,2.4914933941436406,2025-11-22 15:00:00-07:00
-113.49739011547182,54.39295504674783,2.3759035111241458,2025-11-22 15:00:00-07:00
-113.44739011547182,54.39295504674783,2.383169088570578,2025-11-22 15:00:00-07:00
-113.39739011547182,54.39295504674783,2.3900738449325734,2025-11-22 15:00:00-07:00
-113.34739011547182,54.39295504674783,2.3959482848844456,2025-11-22 15:00:00-07:00
-113.29739011547183,54.39295504674783,2.3992230056132637,2025-11-22 15:00:00-07:00
-113.24739011547183,54.39295504674783,2.3956631971448217,2025-11-22 15:00:00-07:00
-114.29739011547177,54.44295504674783,2.3081131039642884,2025-11-22 15:00:00-07:00
-114.24739011547177,54.44295504674783,2.3100154623789853,2025-11-22 15:00:00-07:00
-114.19739011547178,54.44295504674783,2.311930649606315,2025-11-22 15:00:00-07:00
-114.14739011547178,54.44295504674783,2.3132566364648737,2025-11-22 15:00:00-07:00
-114.09739011547178,54.44295504674783,2.312743492584919,2025-11-22 15:00:00-07:00
-114.04739011547179,54.44295504674783,2.456430452959977,2025-11-22 15:00:00-07:00
-113.99739011547179,54.44295504674783,2.458094533424961,2025-11-22 15:00:00-07:00
-113.94739011547179,54.44295504674783,2.460105406276594,2025-11-22 15:00:00-07:00
-113.8973901154718,54.44295504674783,2.462506115349575,2025-11-22 15:00:00-07:00
-113.8473901154718,54.44295504674783,2.465349669564878,2025-11-22 15:00:00-07:00
-113.7973901154718,54.44295504674783,2.468990950741468,2025-11-22 15:00:00-07:00
-113.7473901154718,54.44295504674783,2.6108646985032755,2025-11-22 15:00:00-07:00
-113.6973901154718,54.44295504674783,2.6124725398813635,2025-11-22 15:00:00-07:00
-113.64739011547181,54.44295504674783,2.614851888803666,2025-11-22 15:00:00-07:00
-113.59739011547181,54.44295504674783,2.4894717960500685,2025-11-22 15:00:00-07:00
-113.54739011547181,54.44295504674783,2.4916475630836312,2025-11-22 15:00:00-07:00
-113.49739011547182,54.44295504674783,2.3732414751834208,2025-11-22 15:00:00-07:00
-113.44739011547182,54.44295504674783,2.378759252595721,2025-11-22 15:00:00-07:00
-113.39739011547182,54.44295504674783,2.383659682816965,2025-11-22 15:00:00-07:00
-113.34739011547182,54.44295504674783,2.38738731972545,2025-11-22 15:00:00-07:00
-113.29739011547183,54.44295504674783,2.387994796793162,2025-11-22 15:00:00-07:00
-113.24739011547183,54.44295504674783,2.383181699140842,2025-11-22 15:00:00-07:00
-113.19739011547183,54.44295504674783,2.3752780049605313,2025-11-22 15:00:00-07:00
-113.14739011547184,54.44295504674783,2.3637745416867157,2025-11-22 15:00:00-07:00
-114.29739011547177,54.492955046747824,2.309607754568563,2025-11-22 15:00:00-07:00
-114.24739011547177,54.492955046747824,2.3113411646997153,2025-11-22 15:00:00-07:00
-114.19739011547178,54.492955046747824,2.313075236900795,2025-11-22 15:00:00-07:00
-114.14739011547178,54.492955046747824,2.3136414556399347,2025-11-22 15:00:00-07:00
-114.09739011547178,54.492955046747824,2.458724771373716,2025-11-22 15:00:00-07:00
-114.04739011547179,54.492955046747824,2.46020301660788,2025-11-22 15:00:00-07:00
-113.99739011547179,54.492955046747824,2.4619841215222062,2025-11-22 15:00:00-07:00
-113.94739011547179,54.492955046747824,2.4641030524245418,2025-11-22 15:00:00-07:00
-113.8973901154718,54.492955046747824,2.4666007302781088,2025-11-22 15:00:00-07:00
-113.8473901154718,54.492955046747824,2.4695260672664645,2025-11-22 15:00:00-07:00
-113.7973901154718,54.492955046747824,2.6144293155641924,2025-11-22 15:00:00-07:00
-113.7473901154718,54.492955046747824,2.6156419990803186,2025-11-22 15:00:00-07:00
-113.6973901154718,54.492955046747824,2.6174414900143774,2025-11-22 15:00:00-07:00
-113.64739011547181,54.492955046747824,2.488282207424688,2025-11-22 15:00:00-07:00
-113.59739011547181,54.492955046747824,2.4896288064521985,2025-11-22 15:00:00-07:00
-113.54739011547181,54.492955046747824,2.4911249750806976,2025-11-22 15:00:00-07:00
-113.49739011547182,54.492955046747824,2.3701904136595733,2025-11-22 15:00:00-07:00
-113.44739011547182,54.492955046747824,2.374292709951851,2025-11-22 15:00:00-07:00
-113.39739011547182,54.492955046747824,2.377661056168793,2025-11-22 15:00:00-07:00
-113.34739011547182,54.492955046747824,2.3798524940134556,2025-11-22 15:00:00-07:00
-113.29739011547183,54.492955046747824,2.378604394353451,2025-11-22 15:00:00-07:00
-113.24739011547183,54.492955046747824,2.3731997204122366,2025-11-22 15:00:00-07:00
-113.19739011547183,54.492955046747824,2.365363783394272,2025-11-22 15:00:00-07:00
-113.14739011547184,54.492955046747824,2.354831000398568,2025-11-22 15:00:00-07:00
-113.09739011547184,54.492955046747824,2.341588221631177,2025-11-22 15:00:00-07:00
-113.04739011547184,54.492955046747824,2.2282399685973857,2025-11-22 15:00:00-07:00
-112.99739011547184,54.492955046747824,2.2152015723461105,2025-11-22 15:00:00-07:00
-112.94739011547185,54.492955046747824,2.2013125496521804,2025-11-22 15:00:00-07:00
-112.89739011547185,54.492955046747824,2.187557486142763,2025-11-22 15:00:00-07:00
-112.84739011547185,54.492955046747824,2.1748533342291303,2025-11-22 15:00:00-07:00
-114.29739011547177,54.54295504674782,2.3109304031807834,2025-11-22 15:00:00-07:00
-114.24739011547177,54.54295504674782,2.3125142658217825,2025-11-22 15:00:00-07:00
-114.19739011547178,54.54295504674782,2.3140905301603283,2025-11-22 15:00:00-07:00
-114.14739011547178,54.54295504674782,2.4607996179805363,2025-11-22 15:00:00-07:00
-114.09739011547178,54.54295504674782,2.462112882681945,2025-11-22 15:00:00-07:00
-114.04739011547179,54.54295504674782,2.463689774407721,2025-11-22 15:00:00-07:00
-113.99739011547179,54.54295504674782,2.4655590443436255,2025-11-22 15:00:00-07:00
-113.94739011547179,54.54295504674782,2.467753137937079,2025-11-22 15:00:00-07:00
-113.8973901154718,54.54295504674782,2.470309240344662,2025-11-22 15:00:00-07:00
-113.8473901154718,54.54295504674782,2.473619612547276,2025-11-22 15:00:00-07:00
-113.7973901154718,54.54295504674782,2.618512133214422,2025-11-22 15:00:00-07:00
-113.7473901154718,54.54295504674782,2.6198878846635987,2025-11-22 15:00:00-07:00
-113.6973901154718,54.54295504674782,2.6217919839473303,2025-11-22 15:00:00-07:00
-113.64739011547181,54.54295504674782,2.488419333206763,2025-11-22 15:00:00-07:00
-113.59739011547181,54.54295504674782,2.4893043770544323,2025-11-22 15:00:00-07:00
-113.54739011547181,54.54295504674782,2.3635653523505895,2025-11-22 15:00:00-07:00
-113.49739011547182,54.54295504674782,2.3670178430081372,2025-11-22 15:00:00-07:00
-113.44739011547182,54.54295504674782,2.3699988862447285,2025-11-22 15:00:00-07:00
-113.39739011547182,54.54295504674782,2.3722168000927826,2025-11-22 15:00:00-07:00
-113.34739011547182,54.54295504674782,2.3733272326307953,2025-11-22 15:00:00-07:00
-113.29739011547183,54.54295504674782,2.3707975153571264,2025-11-22 15:00:00-07:00
-113.24739011547183,54.54295504674782,2.3652068624555747,2025-11-22 15:00:00-07:00
-113.19739011547183,54.54295504674782,2.3577091996693587,2025-11-22 15:00:00-07:00
-113.14739011547184,54.54295504674782,2.3481804714447327,2025-11-22 15:00:00-07:00
-113.09739011547184,54.54295504674782,2.33668100736544,2025-11-22 15:00:00-07:00
-113.04739011547184,54.54295504674782,2.2223359303591073,2025-11-22 15:00:00-07:00
-112.99739011547184,54.54295504674782,2.211750111783533,2025-11-22 15:00:00-07:00
-112.94739011547185,54.54295504674782,2.200524625907186,2025-11-22 15:00:00-07:00
-112.89739011547185,54.54295504674782,2.189336041261748,2025-11-22 15:00:00-07:00
-112.84739011547185,54.54295504674782,2.178818447529205,2025-11-22 15:00:00-07:00
-112.79739011547186,54.54295504674782,2.1681266329059414,2025-11-22 15:00:00-07:00
-113.64739011547181,54.59295504674782,2.4882073699000298,2025-11-22 15:00:00-07:00
-113.59739011547181,54.59295504674782,2.48867629099148,2025-11-22 15:00:00-07:00
-113.54739011547181,54.59295504674782,2.3612801358280047,2025-11-22 15:00:00-07:00
-113.49739011547182,54.59295504674782,2.3638932594625586,2025-11-22 15:00:00-07:00
-113.44739011547182,54.59295504674782,2.3660005538435986,2025-11-22 15:00:00-07:00
-113.39739011547182,54.59295504674782,2.367366967356378,2025-11-22 15:00:00-07:00
-113.34739011547182,54.59295504674782,2.367729358378504,2025-11-22 15:00:00-07:00
-113.29739011547183,54.59295504674782,2.3643207147253547,2025-11-22 15:00:00-07:00
-113.24739011547183,54.59295504674782,2.358785389577583,2025-11-22 15:00:00-07:00
-113.19739011547183,54.59295504674782,2.3517530733911878,2025-11-22 15:00:00-07:00
-113.14739011547184,54.59295504674782,2.343180089349656,2025-11-22 15:00:00-07:00
-113.09739011547184,54.59295504674782,2.3331563714197787,2025-11-22 15:00:00-07:00
-113.04739011547184,54.59295504674782,2.217567064185896,2025-11-22 15:00:00-07:00
-112.99739011547184,54.59295504674782,2.2088370988259034,2025-11-22 15:00:00-07:00
-112.94739011547185,54.59295504674782,2.1996098961856796,2025-11-22 15:00:00-07:00
-112.89739011547185,54.59295504674782,2.1903612885480572,2025-11-22 15:00:00-07:00
-112.84739011547185,54.59295504674782,2.1807672678800407,2025-11-22 15:00:00-07:00
-112.79739011547186,54.59295504674782,2.169763476319661,2025-11-22 15:00:00-07:00
-112.74739011547186,54.59295504674782,2.159370472595049,2025-11-22 15:00:00-07:00
-113.64739011547181,54.642955046747815,2.487767275959833,2025-11-22 15:00:00-07:00
-113.59739011547181,54.642955046747815,2.3566974734184694,2025-11-22 15:00:00-07:00
-113.54739011547181,54.642955046747815,2.358977726033536,2025-11-22 15:00:00-07:00
-113.49739011547182,54.642955046747815,2.3609175889219585,2025-11-22 15:00:00-07:00
-113.44739011547182,54.642955046747815,2.3623526546292273,2025-11-22 15:00:00-07:00
-113.39739011547182,54.642955046747815,2.363096830268345,2025-11-22 15:00:00-07:00
-113.34739011547182,54.642955046747815,2.3629513948753105,2025-11-22 15:00:00-07:00
-113.29739011547183,54.642955046747815,2.3589451837579754,2025-11-22 15:00:00-07:00
-113.24739011547183,54.642955046747815,2.3536024788503167,2025-11-22 15:00:00-07:00
-113.19739011547183,54.642955046747815,2.347080818527336,2025-11-22 15:00:00-07:00
-113.14739011547184,54.642955046747815,2.339380695456551,2025-11-22 15:00:00-07:00
-113.09739011547184,54.642955046747815,2.330599219626989,2025-11-22 15:00:00-07:00
-113.04739011547184,54.642955046747815,2.213623560331126,2025-11-22 15:00:00-07:00
-112.99739011547184,54.642955046747815,2.2063216567745183,2025-11-22 15:00:00-07:00
-112.94739011547185,54.642955046747815,2.1986228407677206,2025-11-22 15:00:00-07:00
-112.89739011547185,54.642955046747815,2.1896695935643433,2025-11-22 15:00:00-07:00
-112.84739011547185,54.642955046747815,2.17988196710233,2025-11-22 15:00:00-07:00
-112.79739011547186,54.642955046747815,2.169962383392275,2025-11-22 15:00:00-07:00
-113.64739011547181,54.69295504674781,2.4871912207147044,2025-11-22 15:00:00-07:00
-113.59739011547181,54.69295504674781,2.3549846555824887,2025-11-22 15:00:00-07:00
-113.54739011547181,54.69295504674781,2.3567393597089046,2025-11-22 15:00:00-07:00
-113.49739011547182,54.69295504674781,2.3581453318651078,2025-11-22 15:00:00-07:00
-113.44739011547182,54.69295504674781,2.3590686822220497,2025-11-22 15:00:00-07:00
-113.39739011547182,54.69295504674781,2.359363874584405,2025-11-22 15:00:00-07:00
-113.34739011547182,54.69295504674781,2.3586538313941054,2025-11-22 15:00:00-07:00
-113.29739011547183,54.69295504674781,2.3544746047292264,2025-11-22 15:00:00-07:00
-113.24739011547183,54.69295504674781,2.3493968380669368,2025-11-22 15:00:00-07:00
-113.19739011547183,54.69295504674781,2.3433860839469642,2025-11-22 15:00:00-07:00
-113.14739011547184,54.69295504674781,2.3364658222123027,2025-11-22 15:00:00-07:00
-113.09739011547184,54.69295504674781,2.3287295383366664,2025-11-22 15:00:00-07:00
-113.04739011547184,54.69295504674781,2.210298406292184,2025-11-22 15:00:00-07:00
-112.99739011547184,54.69295504674781,2.204113082933744,2025-11-22 15:00:00-07:00
-112.94739011547185,54.69295504674781,2.1960252280591703,2025-11-22 15:00:00-07:00
-112.89739011547185,54.69295504674781,2.1871881472260357,2025-11-22 15:00:00-07:00
-112.84739011547185,54.69295504674781,2.1782101027253367,2025-11-22 15:00:00-07:00
-112.79739011547186,54.69295504674781,2.1691490185532842,2025-11-22 15:00:00-07:00
-112.74739011547186,54.69295504674781,2.1594887035352244,2025-11-22 15:00:00-07:00
-112.69739011547186,54.69295504674781,2.1499938157842213,2025-11-22 15:00:00-07:00
-113.64739011547181,54.74295504674781,2.486547265461497,2025-11-22 15:00:00-07:00
-113.59739011547181,54.74295504674781,2.353286321439877,2025-11-22 15:00:00-07:00
-113.54739011547181,54.74295504674781,2.3546140537081395,2025-11-22 15:00:00-07:00
-113.49739011547182,54.74295504674781,2.3556005452815243,2025-11-22 15:00:00-07:00
-113.44739011547182,54.74295504674781,2.3561380849224913,2025-11-22 15:00:00-07:00
-113.39739011547182,54.74295504674781,2.3561138268064177,2025-11-22 15:00:00-07:00
-113.34739011547182,54.74295504674781,2.3547930104963894,2025-11-22 15:00:00-07:00
-113.29739011547183,54.74295504674781,2.3507452759864296,2025-11-22 15:00:00-07:00
-113.24739011547183,54.74295504674781,2.345964806437651,2025-11-22 15:00:00-07:00
-113.19739011547183,54.74295504674781,2.3404416974170235,2025-11-22 15:00:00-07:00
-113.14739011547184,54.74295504674781,2.3342102023425877,2025-11-22 15:00:00-07:00
-113.09739011547184,54.74295504674781,2.327355539088074,2025-11-22 15:00:00-07:00
-113.04739011547184,54.74295504674781,2.207449017350995,2025-11-22 15:00:00-07:00
-112.99739011547184,54.74295504674781,2.200250648997834,2025-11-22 15:00:00-07:00
-112.94739011547185,54.74295504674781,2.1925113589193717,2025-11-22 15:00:00-07:00
-112.89739011547185,54.74295504674781,2.1843989289707966,2025-11-22 15:00:00-07:00
-112.84739011547185,54.74295504674781,2.1760329382092745,2025-11-22 15:00:00-07:00
-112.79739011547186,54.74295504674781,2.167489266386732,2025-11-22 15:00:00-07:00
-112.74739011547186,54.74295504674781,2.158285220888387,2025-11-22 15:00:00-07:00
-112.69739011547186,54.74295504674781,2.1488681901252242,2025-11-22 15:00:00-07:00
-112.64739011547186,54.74295504674781,2.139290025244919,2025-11-22 15:00:00-07:00
-112.49739011547187,54.74295504674781,2.107880465428119,2025-11-22 15:00:00-07:00
-112.44739011547188,54.74295504674781,2.0951299152623037,2025-11-22 15:00:00-07:00
-113.64739011547181,54.79295504674781,2.350417597085114,2025-11-22 15:00:00-07:00
-113.59739011547181,54.79295504674781,2.3516448517172956,2025-11-22 15:00:00-07:00
-113.54739011547181,54.79295504674781,2.352628531437964,2025-11-22 15:00:00-07:00
-113.49739011547182,54.79295504674781,2.3532880260548805,2025-11-22 15:00:00-07:00
-113.44739011547182,54.79295504674781,2.353537433980815,2025-11-22 15:00:00-07:00
-113.39739011547182,54.79295504674781,2.353289784047834,2025-11-22 15:00:00-07:00
-113.34739011547182,54.79295504674781,2.351498388866469,2025-11-22 15:00:00-07:00
-113.29739011547183,54.79295504674781,2.3476229001074995,2025-11-22 15:00:00-07:00
-113.24739011547183,54.79295504674781,2.3431480153819586,2025-11-22 15:00:00-07:00
-113.19739011547183,54.79295504674781,2.3380782329950893,2025-11-22 15:00:00-07:00
-113.14739011547184,54.79295504674781,2.332451677197152,2025-11-22 15:00:00-07:00
-113.09739011547184,54.79295504674781,2.3263438177225377,2025-11-22 15:00:00-07:00
-113.04739011547184,54.79295504674781,2.202816078575448,2025-11-22 15:00:00-07:00
-112.99739011547184,54.79295504674781,2.196164124434236,2025-11-22 15:00:00-07:00
-112.94739011547185,54.79295504674781,2.1890129393012137,2025-11-22 15:00:00-07:00
-112.89739011547185,54.79295504674781,2.1814558011541205,2025-11-22 15:00:00-07:00
-112.84739011547185,54.79295504674781,2.173566945247062,2025-11-22 15:00:00-07:00
-112.79739011547186,54.79295504674781,2.165387682534487,2025-11-22 15:00:00-07:00
-112.74739011547186,54.79295504674781,2.1566459354297445,2025-11-22 15:00:00-07:00
-112.69739011547186,54.79295504674781,2.147346249597341,2025-11-22 15:00:00-07:00
-112.64739011547186,54.79295504674781,2.1377561317578553,2025-11-22 15:00:00-07:00
-112.59739011547187,54.79295504674781,2.127744172071919,2025-11-22 15:00:00-07:00
-112.54739011547187,54.79295504674781,2.117166068430516,2025-11-22 15:00:00-07:00
-112.49739011547187,54.79295504674781,2.105567360954323,2025-11-22 15:00:00-07:00
-112.44739011547188,54.79295504674781,2.0927778378088884,2025-11-22 15:00:00-07:00
-113.64739011547181,54.842955046747804,2.349141750980295,2025-11-22 15:00:00-07:00
-113.59739011547181,54.842955046747804,2.3500861782617566,2025-11-22 15:00:00-07:00
-113.54739011547181,54.842955046747804,2.3507945066652245,2025-11-22 15:00:00-07:00
-113.49739011547182,54.842955046747804,2.3512009382316053,2025-11-22 15:00:00-07:00
-113.44739011547182,54.842955046747804,2.351237386773707,2025-11-22 15:00:00-07:00
-113.39739011547182,54.842955046747804,2.3508371105902675,2025-11-22 15:00:00-07:00
-113.34739011547182,54.842955046747804,2.3486810831123015,2025-11-22 15:00:00-07:00
-113.29739011547183,54.842955046747804,2.3449982827418303,2025-11-22 15:00:00-07:00
-113.24739011547183,54.842955046747804,2.340823209980328,2025-11-22 15:00:00-07:00
-113.19739011547183,54.842955046747804,2.336168428270433,2025-11-22 15:00:00-07:00
-113.14739011547184,54.842955046747804,2.3310721513446224,2025-11-22 15:00:00-07:00
-113.09739011547184,54.842955046747804,2.204150718629199,2025-11-22 15:00:00-07:00
-113.04739011547184,54.842955046747804,2.1984930488634626,2025-11-22 15:00:00-07:00
-112.99739011547184,54.842955046747804,2.192287015220622,2025-11-22 15:00:00-07:00
-112.94739011547185,54.842955046747804,2.1855959098323865,2025-11-22 15:00:00-07:00
-112.89739011547185,54.842955046747804,2.178478439907206,2025-11-22 15:00:00-07:00
-112.84739011547185,54.842955046747804,2.1709779434748255,2025-11-22 15:00:00-07:00
-112.79739011547186,54.842955046747804,2.1631128706179266,2025-11-22 15:00:00-07:00
-112.74739011547186,54.842955046747804,2.1547946196001866,2025-11-22 15:00:00-07:00
-112.69739011547186,54.842955046747804,2.145659144099705,2025-11-22 15:00:00-07:00
-112.64739011547186,54.842955046747804,2.136153387382652,2025-11-22 15:00:00-07:00
-112.59739011547187,54.842955046747804,2.1261746581848207,2025-11-22 15:00:00-07:00
-112.54739011547187,54.842955046747804,2.1156165539873295,2025-11-22 15:00:00-07:00
-112.49739011547187,54.842955046747804,2.1037646428145926,2025-11-22 15:00:00-07:00
-112.44739011547188,54.842955046747804,2.091209368093105,2025-11-22 15:00:00-07:00
-113.64739011547181,54.8929550467478,2.3479114483693038,2025-11-22 15:00:00-07:00
-113.59739011547181,54.8929550467478,2.348624625248281,2025-11-22 15:00:00-07:00
-113.54739011547181,54.8929550467478,2.3491138981980306,2025-11-22 15:00:00-07:00
-113.49739011547182,54.8929550467478,2.3493258933401737,2025-11-22 15:00:00-07:00
-113.44739011547182,54.8929550467478,2.3492068810407996,2025-11-22 15:00:00-07:00
-113.39739011547182,54.8929550467478,2.348705804457293,2025-11-22 15:00:00-07:00
-113.34739011547182,54.8929550467478,2.3462657446074955,2025-11-22 15:00:00-07:00
-113.29739011547183,54.8929550467478,2.3427830172918647,2025-11-22 15:00:00-07:00
-113.24739011547183,54.8929550467478,2.3388941774705927,2025-11-22 15:00:00-07:00
-113.19739011547183,54.8929550467478,2.334615929128933,2025-11-22 15:00:00-07:00
-113.14739011547184,54.8929550467478,2.2046070579645374,2025-11-22 15:00:00-07:00
-113.09739011547184,54.8929550467478,2.199817493437406,2025-11-22 15:00:00-07:00
-113.04739011547184,54.8929550467478,2.194480105889575,2025-11-22 15:00:00-07:00
-112.99739011547184,54.8929550467478,2.18863204396886,2025-11-22 15:00:00-07:00
-112.94739011547185,54.8929550467478,2.182313102643598,2025-11-22 15:00:00-07:00
-112.89739011547185,54.8929550467478,2.1755583663313374,2025-11-22 15:00:00-07:00
-112.84739011547185,54.8929550467478,2.168390733151043,2025-11-22 15:00:00-07:00
-112.79739011547186,54.8929550467478,2.16081451780206,2025-11-22 15:00:00-07:00
-112.74739011547186,54.8929550467478,2.1528113738108394,2025-11-22 15:00:00-07:00
-112.69739011547186,54.8929550467478,2.1439787930773764,2025-11-22 15:00:00-07:00
-112.64739011547186,54.8929550467478,2.134647794004912,2025-11-22 15:00:00-07:00
-112.59739011547187,54.8929550467478,2.1248307962875415,2025-11-22 15:00:00-07:00
-112.54739011547187,54.8929550467478,2.1143324588910257,2025-11-22 15:00:00-07:00
-112.49739011547187,54.8929550467478,2.1025812226522342,2025-11-22 15:00:00-07:00
-112.44739011547188,54.8929550467478,2.090451232724715,2025-11-22 15:00:00-07:00
-113.34739011547182,54.9429550467478,2.3441891008250972,2025-11-22 15:00:00-07:00
-113.29739011547183,54.9429550467478,2.340905611597118,2025-11-22 15:00:00-07:00
-113.24739011547183,54.9429550467478,2.33728548634896,2025-11-22 15:00:00-07:00
-113.19739011547183,54.9429550467478,2.2044570221191564,2025-11-22 15:00:00-07:00
-113.14739011547184,54.9429550467478,2.200404783530101,2025-11-22 15:00:00-07:00
-113.09739011547184,54.9429550467478,2.195833931546843,2025-11-22 15:00:00-07:00
-113.04739011547184,54.9429550467478,2.1907617009082507,2025-11-22 15:00:00-07:00
-112.99739011547184,54.9429550467478,2.1852108063534748,2025-11-22 15:00:00-07:00
-112.94739011547185,54.9429550467478,2.1792048955191183,2025-11-22 15:00:00-07:00
-112.89739011547185,54.9429550467478,2.1727633606816235,2025-11-22 15:00:00-07:00
-112.84739011547185,54.9429550467478,2.1658962436971616,2025-11-22 15:00:00-07:00
-112.79739011547186,54.9429550467478,2.1586001095140332,2025-11-22 15:00:00-07:00
-112.74739011547186,54.9429550467478,2.1508558229840657,2025-11-22 15:00:00-07:00
-112.69739011547186,54.9429550467478,2.1424243330361876,2025-11-22 15:00:00-07:00
-112.64739011547186,54.9429550467478,2.1333480001995917,2025-11-22 15:00:00-07:00
-112.59739011547187,54.9429550467478,2.123801077333922,2025-11-22 15:00:00-07:00
-112.54739011547187,54.9429550467478,2.1133000761471763,2025-11-22 15:00:00-07:00
-112.49739011547187,54.9429550467478,2.102019073702929,2025-11-22 15:00:00-07:00
-112.44739011547188,54.9429550467478,2.0904516289793444,2025-11-22 15:00:00-07:00
-113.34739011547182,54.992955046747795,2.342398298021966,2025-11-22 15:00:00-07:00
-113.29739011547183,54.992955046747795,2.3393082007781514,2025-11-22 15:00:00-07:00
-113.24739011547183,54.992955046747795,2.3342109292836857,2025-11-22 15:00:00-07:00
-113.19739011547183,54.992955046747795,2.200466074613406,2025-11-22 15:00:00-07:00
-113.14739011547184,54.992955046747795,2.1965549380083775,2025-11-22 15:00:00-07:00
-113.09739011547184,54.992955046747795,2.192172035306235,2025-11-22 15:00:00-07:00
-113.04739011547184,54.992955046747795,2.1873267260542493,2025-11-22 15:00:00-07:00
-112.99739011547184,54.992955046747795,2.182031775394441,2025-11-22 15:00:00-07:00
-112.94739011547185,54.992955046747795,2.1763000804825468,2025-11-22 15:00:00-07:00
-112.69739011547186,54.992955046747795,2.141070336068984,2025-11-22 15:00:00-07:00
-112.64739011547186,54.992955046747795,2.132314547402472,2025-11-22 15:00:00-07:00
-112.59739011547187,54.992955046747795,2.123122782779276,2025-11-22 15:00:00-07:00
-112.54739011547187,54.992955046747795,2.1127490020936106,2025-11-22 15:00:00-07:00
-112.49739011547187,54.992955046747795,2.1020285367225435,2025-11-22 15:00:00-07:00
-112.44739011547188,54.992955046747795,2.0911096452717914,2025-11-22 15:00:00-07:00
