lon,lat,AQHI_IDW,NearestReading
-113.7973901154718,52.892955046747915,2.0,2025-06-14 02:00:00-06:00
-113.7473901154718,52.892955046747915,2.0,2025-06-14 02:00:00-06:00
-113.6973901154718,52.892955046747915,2.0,2025-06-14 02:00:00-06:00
-113.64739011547181,52.892955046747915,2.0,2025-06-14 02:00:00-06:00
-113.59739011547181,52.892955046747915,2.1109203970907937,2025-06-14 02:00:00-06:00
-113.54739011547181,52.892955046747915,2.1097446344960846,2025-06-14 02:00:00-06:00
-113.49739011547182,52.892955046747915,2.0,2025-06-14 02:00:00-06:00
-113.44739011547182,52.892955046747915,2.224418930684994,2025-06-14 02:00:00-06:00
-113.39739011547182,52.892955046747915,2.229348906290478,2025-06-14 02:00:00-06:00
-113.34739011547182,52.892955046747915,2.1261476663167893,2025-06-14 02:00:00-06:00
-113.29739011547183,52.892955046747915,2.1312351790182866,2025-06-14 02:00:00-06:00
-113.24739011547183,52.892955046747915,2.1361743809572324,2025-06-14 02:00:00-06:00
-113.19739011547183,52.892955046747915,2.1406562279314865,2025-06-14 02:00:00-06:00
-113.14739011547184,52.892955046747915,2.144519965500727,2025-06-14 02:00:00-06:00
-113.09739011547184,52.892955046747915,2.147728871793097,2025-06-14 02:00:00-06:00
-113.04739011547184,52.892955046747915,2.150329269865165,2025-06-14 02:00:00-06:00
-112.99739011547184,52.892955046747915,2.151500887030361,2025-06-14 02:00:00-06:00
-112.94739011547185,52.892955046747915,2.1512254129399304,2025-06-14 02:00:00-06:00
-112.89739011547185,52.892955046747915,2.150425079845167,2025-06-14 02:00:00-06:00
-112.84739011547185,52.892955046747915,2.2856468379749564,2025-06-14 02:00:00-06:00
-112.79739011547186,52.892955046747915,2.2918242495897956,2025-06-14 02:00:00-06:00
-112.74739011547186,52.892955046747915,2.2978321838541067,2025-06-14 02:00:00-06:00
-112.69739011547186,52.892955046747915,2.303987013298953,2025-06-14 02:00:00-06:00
-112.64739011547186,52.892955046747915,2.314141299008343,2025-06-14 02:00:00-06:00
-112.59739011547187,52.892955046747915,2.3234530889306027,2025-06-14 02:00:00-06:00
-112.54739011547187,52.892955046747915,2.331916412979955,2025-06-14 02:00:00-06:00
-112.49739011547187,52.892955046747915,2.3395432158677796,2025-06-14 02:00:00-06:00
-112.44739011547188,52.892955046747915,2.3463604132799616,2025-06-14 02:00:00-06:00
-112.39739011547188,52.892955046747915,2.351899235431941,2025-06-14 02:00:00-06:00
-112.34739011547188,52.892955046747915,2.3563588942413034,2025-06-14 02:00:00-06:00
-113.7973901154718,52.94295504674791,2.1154266140782636,2025-06-14 02:00:00-06:00
-113.7473901154718,52.94295504674791,2.115900808136684,2025-06-14 02:00:00-06:00
-113.6973901154718,52.94295504674791,2.114673013728597,2025-06-14 02:00:00-06:00
-113.64739011547181,52.94295504674791,2.1119650777882866,2025-06-14 02:00:00-06:00
-113.59739011547181,52.94295504674791,2.207011228927383,2025-06-14 02:00:00-06:00
-113.54739011547181,52.94295504674791,2.104135090447539,2025-06-14 02:00:00-06:00
-113.49739011547182,52.94295504674791,2.1040938672910325,2025-06-14 02:00:00-06:00
-113.44739011547182,52.94295504674791,2.210262769905836,2025-06-14 02:00:00-06:00
-113.39739011547182,52.94295504674791,2.217170638108305,2025-06-14 02:00:00-06:00
-113.34739011547182,52.94295504674791,2.122054192765768,2025-06-14 02:00:00-06:00
-113.29739011547183,52.94295504674791,2.128668469138828,2025-06-14 02:00:00-06:00
-113.24739011547183,52.94295504674791,2.1348829755520966,2025-06-14 02:00:00-06:00
-113.19739011547183,52.94295504674791,2.140295196182481,2025-06-14 02:00:00-06:00
-113.14739011547184,52.94295504674791,2.1447506730894346,2025-06-14 02:00:00-06:00
-113.09739011547184,52.94295504674791,2.148275334918917,2025-06-14 02:00:00-06:00
-113.04739011547184,52.94295504674791,2.1509963471373523,2025-06-14 02:00:00-06:00
-112.99739011547184,52.94295504674791,2.1516046465643286,2025-06-14 02:00:00-06:00
-112.94739011547185,52.94295504674791,2.1510240381592998,2025-06-14 02:00:00-06:00
-112.89739011547185,52.94295504674791,2.14933236688457,2025-06-14 02:00:00-06:00
-112.84739011547185,52.94295504674791,2.2857116448855685,2025-06-14 02:00:00-06:00
-112.79739011547186,52.94295504674791,2.2923612537550233,2025-06-14 02:00:00-06:00
-112.74739011547186,52.94295504674791,2.298853567523204,2025-06-14 02:00:00-06:00
-112.69739011547186,52.94295504674791,2.308554413381266,2025-06-14 02:00:00-06:00
-112.64739011547186,52.94295504674791,2.3193203968962433,2025-06-14 02:00:00-06:00
-112.59739011547187,52.94295504674791,2.329112506463142,2025-06-14 02:00:00-06:00
-112.54739011547187,52.94295504674791,2.3379312478155048,2025-06-14 02:00:00-06:00
-112.49739011547187,52.94295504674791,2.3456202735453138,2025-06-14 02:00:00-06:00
-112.44739011547188,52.94295504674791,2.351530106596972,2025-06-14 02:00:00-06:00
-112.39739011547188,52.94295504674791,2.3567267983263815,2025-06-14 02:00:00-06:00
-112.34739011547188,52.94295504674791,2.3612500668382452,2025-06-14 02:00:00-06:00
-113.7973901154718,52.99295504674791,2.1158160725257673,2025-06-14 02:00:00-06:00
-113.7473901154718,52.99295504674791,2.114639711648398,2025-06-14 02:00:00-06:00
-113.6973901154718,52.99295504674791,2.111451734127372,2025-06-14 02:00:00-06:00
-113.64739011547181,52.99295504674791,2.1984138422110386,2025-06-14 02:00:00-06:00
-113.59739011547181,52.99295504674791,2.1908438008970315,2025-06-14 02:00:00-06:00
-113.54739011547181,52.99295504674791,2.1865865805872104,2025-06-14 02:00:00-06:00
-113.49739011547182,52.99295504674791,2.094408582403847,2025-06-14 02:00:00-06:00
-113.44739011547182,52.99295504674791,2.192332139343246,2025-06-14 02:00:00-06:00
-113.39739011547182,52.99295504674791,2.2023545646241183,2025-06-14 02:00:00-06:00
-113.34739011547182,52.99295504674791,2.1173669276566542,2025-06-14 02:00:00-06:00
-113.29739011547183,52.99295504674791,2.126123701704119,2025-06-14 02:00:00-06:00
-113.24739011547183,52.99295504674791,2.1339906866873677,2025-06-14 02:00:00-06:00
-113.19739011547183,52.99295504674791,2.140483414922398,2025-06-14 02:00:00-06:00
-113.14739011547184,52.99295504674791,2.1455203518713217,2025-06-14 02:00:00-06:00
-113.09739011547184,52.99295504674791,2.1492638486412727,2025-06-14 02:00:00-06:00
-113.04739011547184,52.99295504674791,2.1519794789885007,2025-06-14 02:00:00-06:00
-112.99739011547184,52.99295504674791,2.151767134806888,2025-06-14 02:00:00-06:00
-112.94739011547185,52.99295504674791,2.150195731557599,2025-06-14 02:00:00-06:00
-112.89739011547185,52.99295504674791,2.2786137266993345,2025-06-14 02:00:00-06:00
-112.84739011547185,52.99295504674791,2.285873430849397,2025-06-14 02:00:00-06:00
-112.79739011547186,52.99295504674791,2.293064149561371,2025-06-14 02:00:00-06:00
-112.74739011547186,52.99295504674791,2.301456105664544,2025-06-14 02:00:00-06:00
-112.69739011547186,52.99295504674791,2.3139665954724133,2025-06-14 02:00:00-06:00
-112.64739011547186,52.99295504674791,2.3253705846976636,2025-06-14 02:00:00-06:00
-112.59739011547187,52.99295504674791,2.3356469754108145,2025-06-14 02:00:00-06:00
-112.54739011547187,52.99295504674791,2.343813141465465,2025-06-14 02:00:00-06:00
-112.49739011547187,52.99295504674791,2.350795746166097,2025-06-14 02:00:00-06:00
-112.44739011547188,52.99295504674791,2.3569153810181014,2025-06-14 02:00:00-06:00
-112.39739011547188,52.99295504674791,2.3622158732987364,2025-06-14 02:00:00-06:00
-112.34739011547188,52.99295504674791,2.3667546382818463,2025-06-14 02:00:00-06:00
-113.7973901154718,53.042955046747906,2.1152567960245463,2025-06-14 02:00:00-06:00
-113.7473901154718,53.042955046747906,2.113243446458126,2025-06-14 02:00:00-06:00
-113.6973901154718,53.042955046747906,2.108235295573007,2025-06-14 02:00:00-06:00
-113.64739011547181,53.042955046747906,2.1836582748681668,2025-06-14 02:00:00-06:00
-113.59739011547181,53.042955046747906,2.1710758062815514,2025-06-14 02:00:00-06:00
-113.54739011547181,53.042955046747906,2.162615858695357,2025-06-14 02:00:00-06:00
-113.49739011547182,53.042955046747906,2.1619433660823626,2025-06-14 02:00:00-06:00
-113.44739011547182,53.042955046747906,2.169270913707514,2025-06-14 02:00:00-06:00
-113.39739011547182,53.042955046747906,2.1843941193099843,2025-06-14 02:00:00-06:00
-113.34739011547182,53.042955046747906,2.112228015288889,2025-06-14 02:00:00-06:00
-113.29739011547183,53.042955046747906,2.1239828649966888,2025-06-14 02:00:00-06:00
-113.24739011547183,53.042955046747906,2.1339155070674964,2025-06-14 02:00:00-06:00
-113.19739011547183,53.042955046747906,2.1415532282840632,2025-06-14 02:00:00-06:00
-113.14739011547184,53.042955046747906,2.1470348099640884,2025-06-14 02:00:00-06:00
-113.09739011547184,53.042955046747906,2.15078292092585,2025-06-14 02:00:00-06:00
-113.04739011547184,53.042955046747906,2.1529466957444994,2025-06-14 02:00:00-06:00
-112.99739011547184,53.042955046747906,2.1516493973504467,2025-06-14 02:00:00-06:00
-112.94739011547185,53.042955046747906,2.1489523567462294,2025-06-14 02:00:00-06:00
-112.89739011547185,53.042955046747906,2.278259504657286,2025-06-14 02:00:00-06:00
-112.84739011547185,53.042955046747906,2.2860812238457986,2025-06-14 02:00:00-06:00
-112.79739011547186,53.042955046747906,2.29392237015519,2025-06-14 02:00:00-06:00
-112.74739011547186,53.042955046747906,2.3069808907476648,2025-06-14 02:00:00-06:00
-112.69739011547186,53.042955046747906,2.3203429613953546,2025-06-14 02:00:00-06:00
-112.64739011547186,53.042955046747906,2.3317788908245394,2025-06-14 02:00:00-06:00
-112.59739011547187,53.042955046747906,2.3411845888142033,2025-06-14 02:00:00-06:00
-112.54739011547187,53.042955046747906,2.349525110028173,2025-06-14 02:00:00-06:00
-112.49739011547187,53.042955046747906,2.3568155538832403,2025-06-14 02:00:00-06:00
-112.44739011547188,53.042955046747906,2.3631011687660837,2025-06-14 02:00:00-06:00
-112.39739011547188,53.042955046747906,2.3684487273647523,2025-06-14 02:00:00-06:00
-112.34739011547188,53.042955046747906,2.372938559298568,2025-06-14 02:00:00-06:00
-112.29739011547188,53.042955046747906,2.376657708539838,2025-06-14 02:00:00-06:00
-112.24739011547189,53.042955046747906,2.379694489307593,2025-06-14 02:00:00-06:00
-113.7973901154718,53.0929550467479,2.11558716740553,2025-06-14 02:00:00-06:00
-113.7473901154718,53.0929550467479,2.112779355593022,2025-06-14 02:00:00-06:00
-113.6973901154718,53.0929550467479,2.10540805638716,2025-06-14 02:00:00-06:00
-113.64739011547181,53.0929550467479,2.1679586732119875,2025-06-14 02:00:00-06:00
-113.59739011547181,53.0929550467479,2.147393033550027,2025-06-14 02:00:00-06:00
-113.54739011547181,53.0929550467479,2.1313971400208014,2025-06-14 02:00:00-06:00
-113.49739011547182,53.0929550467479,2.1277953560157727,2025-06-14 02:00:00-06:00
-113.44739011547182,53.0929550467479,2.1395133051376836,2025-06-14 02:00:00-06:00
-113.39739011547182,53.0929550467479,2.1632601435088388,2025-06-14 02:00:00-06:00
-113.34739011547182,53.0929550467479,2.1072221776680053,2025-06-14 02:00:00-06:00
-113.29739011547183,53.0929550467479,2.1230353445402375,2025-06-14 02:00:00-06:00
-113.24739011547183,53.0929550467479,2.1353320966237734,2025-06-14 02:00:00-06:00
-113.19739011547183,53.0929550467479,2.143941206278444,2025-06-14 02:00:00-06:00
-113.14739011547184,53.0929550467479,2.149496003181524,2025-06-14 02:00:00-06:00
-113.09739011547184,53.0929550467479,2.1528579524963507,2025-06-14 02:00:00-06:00
-113.04739011547184,53.0929550467479,2.153790775156728,2025-06-14 02:00:00-06:00
-112.99739011547184,53.0929550467479,2.1506940860719084,2025-06-14 02:00:00-06:00
-112.94739011547185,53.0929550467479,2.147189542257886,2025-06-14 02:00:00-06:00
-112.89739011547185,53.0929550467479,2.2777358301112374,2025-06-14 02:00:00-06:00
-112.84739011547185,53.0929550467479,2.286261625079948,2025-06-14 02:00:00-06:00
-112.79739011547186,53.0929550467479,2.297804149684092,2025-06-14 02:00:00-06:00
-112.74739011547186,53.0929550467479,2.4412578845595325,2025-06-14 02:00:00-06:00
-112.69739011547186,53.0929550467479,2.3260319156585623,2025-06-14 02:00:00-06:00
-112.64739011547186,53.0929550467479,2.337384947580855,2025-06-14 02:00:00-06:00
-112.59739011547187,53.0929550467479,2.3474617824899715,2025-06-14 02:00:00-06:00
-112.54739011547187,53.0929550467479,2.356256891893265,2025-06-14 02:00:00-06:00
-112.49739011547187,53.0929550467479,2.363810451453011,2025-06-14 02:00:00-06:00
-112.44739011547188,53.0929550467479,2.3701968275727747,2025-06-14 02:00:00-06:00
-112.39739011547188,53.0929550467479,2.37551324748625,2025-06-14 02:00:00-06:00
-112.34739011547188,53.0929550467479,2.3798695022947984,2025-06-14 02:00:00-06:00
-112.29739011547188,53.0929550467479,2.383379402717768,2025-06-14 02:00:00-06:00
-112.24739011547189,53.0929550467479,2.386154342414909,2025-06-14 02:00:00-06:00
-113.7973901154718,53.1429550467479,2.1170846543934116,2025-06-14 02:00:00-06:00
-113.7473901154718,53.1429550467479,2.1139282479878334,2025-06-14 02:00:00-06:00
-113.6973901154718,53.1429550467479,2.1035119845016927,2025-06-14 02:00:00-06:00
-113.64739011547181,53.1429550467479,2.0870220233592915,2025-06-14 02:00:00-06:00
-113.59739011547181,53.1429550467479,2.121219501954182,2025-06-14 02:00:00-06:00
-113.54739011547181,53.1429550467479,2.091919273862339,2025-06-14 02:00:00-06:00
-113.49739011547182,53.1429550467479,2.082825233081743,2025-06-14 02:00:00-06:00
-113.44739011547182,53.1429550467479,2.102530964764893,2025-06-14 02:00:00-06:00
-113.39739011547182,53.1429550467479,2.1408307447742914,2025-06-14 02:00:00-06:00
-113.34739011547182,53.1429550467479,2.1039701369719404,2025-06-14 02:00:00-06:00
-113.29739011547183,53.1429550467479,2.124742351782741,2025-06-14 02:00:00-06:00
-113.24739011547183,53.1429550467479,2.1392081153657245,2025-06-14 02:00:00-06:00
-113.19739011547183,53.1429550467479,2.148118388864952,2025-06-14 02:00:00-06:00
-113.14739011547184,53.1429550467479,2.1530014768454557,2025-06-14 02:00:00-06:00
-113.09739011547184,53.1429550467479,2.1553568654676716,2025-06-14 02:00:00-06:00
-113.04739011547184,53.1429550467479,2.1535783218483187,2025-06-14 02:00:00-06:00
-112.99739011547184,53.1429550467479,2.149056335732659,2025-06-14 02:00:00-06:00
-112.94739011547185,53.1429550467479,2.1446208254658314,2025-06-14 02:00:00-06:00
-112.89739011547185,53.1429550467479,2.27685163682504,2025-06-14 02:00:00-06:00
-112.84739011547185,53.1429550467479,2.4190085261798404,2025-06-14 02:00:00-06:00
-112.79739011547186,53.1429550467479,2.302851618409676,2025-06-14 02:00:00-06:00
-112.74739011547186,53.1429550467479,2.3180721391409733,2025-06-14 02:00:00-06:00
-112.69739011547186,53.1429550467479,2.33190327989876,2025-06-14 02:00:00-06:00
-112.64739011547186,53.1429550467479,2.344217940322181,2025-06-14 02:00:00-06:00
-112.59739011547187,53.1429550467479,2.3549701247679886,2025-06-14 02:00:00-06:00
-112.54739011547187,53.1429550467479,2.3641814422997416,2025-06-14 02:00:00-06:00
-112.49739011547187,53.1429550467479,2.3719271723290447,2025-06-14 02:00:00-06:00
-112.44739011547188,53.1429550467479,2.378321240148494,2025-06-14 02:00:00-06:00
-112.39739011547188,53.1429550467479,2.383501123306334,2025-06-14 02:00:00-06:00
-112.34739011547188,53.1429550467479,2.3876143359821933,2025-06-14 02:00:00-06:00
-112.29739011547188,53.1429550467479,2.390807727069627,2025-06-14 02:00:00-06:00
-112.24739011547189,53.1429550467479,2.393220024919928,2025-06-14 02:00:00-06:00
-113.7973901154718,53.1929550467479,2.1196563073119012,2025-06-14 02:00:00-06:00
-113.7473901154718,53.1929550467479,2.1167531549648455,2025-06-14 02:00:00-06:00
-113.6973901154718,53.1929550467479,2.1050999185087633,2025-06-14 02:00:00-06:00
-113.64739011547181,53.1929550467479,2.0850850059826898,2025-06-14 02:00:00-06:00
-113.59739011547181,53.1929550467479,2.0994574919970077,2025-06-14 02:00:00-06:00
-113.54739011547181,53.1929550467479,2.0494138955777856,2025-06-14 02:00:00-06:00
-113.49739011547182,53.1929550467479,2.030657359123286,2025-06-14 02:00:00-06:00
-113.44739011547182,53.1929550467479,2.064213864117017,2025-06-14 02:00:00-06:00
-113.39739011547182,53.1929550467479,2.1244188040360648,2025-06-14 02:00:00-06:00
-113.34739011547182,53.1929550467479,2.106030855309264,2025-06-14 02:00:00-06:00
-113.29739011547183,53.1929550467479,2.1313703817720073,2025-06-14 02:00:00-06:00
-113.24739011547183,53.1929550467479,2.1466472350205166,2025-06-14 02:00:00-06:00
-113.19739011547183,53.1929550467479,2.1543733831144474,2025-06-14 02:00:00-06:00
-113.14739011547184,53.1929550467479,2.1573473432863777,2025-06-14 02:00:00-06:00
-113.09739011547184,53.1929550467479,2.1574099219066993,2025-06-14 02:00:00-06:00
-113.04739011547184,53.1929550467479,2.152213122269704,2025-06-14 02:00:00-06:00
-112.99739011547184,53.1929550467479,2.1462642743529896,2025-06-14 02:00:00-06:00
-112.94739011547185,53.1929550467479,2.140874146299523,2025-06-14 02:00:00-06:00
-112.89739011547185,53.1929550467479,2.274579427299321,2025-06-14 02:00:00-06:00
-112.84739011547185,53.1929550467479,2.2884857590607632,2025-06-14 02:00:00-06:00
-112.79739011547186,53.1929550467479,2.3070130112179443,2025-06-14 02:00:00-06:00
-112.74739011547186,53.1929550467479,2.3239955101266068,2025-06-14 02:00:00-06:00
-112.69739011547186,53.1929550467479,2.3392049452202865,2025-06-14 02:00:00-06:00
-112.64739011547186,53.1929550467479,2.3525257157499992,2025-06-14 02:00:00-06:00
-112.59739011547187,53.1929550467479,2.3639364365506426,2025-06-14 02:00:00-06:00
-112.54739011547187,53.1929550467479,2.373496248995632,2025-06-14 02:00:00-06:00
-112.49739011547187,53.1929550467479,2.381328610297404,2025-06-14 02:00:00-06:00
-112.44739011547188,53.1929550467479,2.3876011837474533,2025-06-14 02:00:00-06:00
-112.39739011547188,53.1929550467479,2.3925048256685923,2025-06-14 02:00:00-06:00
-112.34739011547188,53.1929550467479,2.396235312549699,2025-06-14 02:00:00-06:00
-112.29739011547188,53.1929550467479,2.3989799152661573,2025-06-14 02:00:00-06:00
-112.24739011547189,53.1929550467479,2.400909125454708,2025-06-14 02:00:00-06:00
-113.7973901154718,53.242955046747895,2.122021065664746,2025-06-14 02:00:00-06:00
-113.7473901154718,53.242955046747895,2.1203280607482466,2025-06-14 02:00:00-06:00
-113.6973901154718,53.242955046747895,2.1116846152957054,2025-06-14 02:00:00-06:00
-113.64739011547181,53.242955046747895,2.0923242582794392,2025-06-14 02:00:00-06:00
-113.59739011547181,53.242955046747895,2.0994950139520365,2025-06-14 02:00:00-06:00
-113.54739011547181,53.242955046747895,2.0305565867961852,2025-06-14 02:00:00-06:00
-113.49739011547182,53.242955046747895,2.0007889427239847,2025-06-14 02:00:00-06:00
-113.44739011547182,53.242955046747895,2.0506844705039966,2025-06-14 02:00:00-06:00
-113.39739011547182,53.242955046747895,2.1307559482687997,2025-06-14 02:00:00-06:00
-113.34739011547182,53.242955046747895,2.1189894791704837,2025-06-14 02:00:00-06:00
-113.29739011547183,53.242955046747895,2.1453997144119348,2025-06-14 02:00:00-06:00
-113.24739011547183,53.242955046747895,2.1583348750908216,2025-06-14 02:00:00-06:00
-113.19739011547183,53.242955046747895,2.1623917910385395,2025-06-14 02:00:00-06:00
-113.14739011547184,53.242955046747895,2.1617184037341595,2025-06-14 02:00:00-06:00
-113.09739011547184,53.242955046747895,2.157390335994165,2025-06-14 02:00:00-06:00
-113.04739011547184,53.242955046747895,2.1490224133810854,2025-06-14 02:00:00-06:00
-112.99739011547184,53.242955046747895,2.1416987364252473,2025-06-14 02:00:00-06:00
-112.94739011547185,53.242955046747895,2.2586572152529225,2025-06-14 02:00:00-06:00
-112.89739011547185,53.242955046747895,2.269009101194179,2025-06-14 02:00:00-06:00
-112.84739011547185,53.242955046747895,2.2916264702419213,2025-06-14 02:00:00-06:00
-112.79739011547186,53.242955046747895,2.312594643711525,2025-06-14 02:00:00-06:00
-112.74739011547186,53.242955046747895,2.3315362079141253,2025-06-14 02:00:00-06:00
-112.69739011547186,53.242955046747895,2.348236187274421,2025-06-14 02:00:00-06:00
-112.64739011547186,53.242955046747895,2.3625960789041445,2025-06-14 02:00:00-06:00
-112.59739011547187,53.242955046747895,2.374623379064681,2025-06-14 02:00:00-06:00
-112.54739011547187,53.242955046747895,2.384425959153683,2025-06-14 02:00:00-06:00
-112.49739011547187,53.242955046747895,2.392193638198626,2025-06-14 02:00:00-06:00
-112.44739011547188,53.242955046747895,2.398168395407606,2025-06-14 02:00:00-06:00
-112.39739011547188,53.242955046747895,2.402612792140281,2025-06-14 02:00:00-06:00
-112.34739011547188,53.242955046747895,2.405784424685603,2025-06-14 02:00:00-06:00
-112.29739011547188,53.242955046747895,2.4079193761052484,2025-06-14 02:00:00-06:00
-112.24739011547189,53.242955046747895,2.4092239683352488,2025-06-14 02:00:00-06:00
-113.7973901154718,53.29295504674789,2.121778363916088,2025-06-14 02:00:00-06:00
-113.7473901154718,53.29295504674789,2.1231971070242293,2025-06-14 02:00:00-06:00
-113.6973901154718,53.29295504674789,2.122252311357559,2025-06-14 02:00:00-06:00
-113.64739011547181,53.29295504674789,2.1113977976636793,2025-06-14 02:00:00-06:00
-113.59739011547181,53.29295504674789,2.084226533462647,2025-06-14 02:00:00-06:00
-113.54739011547181,53.29295504674789,2.081344262221639,2025-06-14 02:00:00-06:00
-113.49739011547182,53.29295504674789,2.056154598049508,2025-06-14 02:00:00-06:00
-113.44739011547182,53.29295504674789,2.1035690062990833,2025-06-14 02:00:00-06:00
-113.39739011547182,53.29295504674789,2.1750710465097334,2025-06-14 02:00:00-06:00
-113.34739011547182,53.29295504674789,2.1469590139317,2025-06-14 02:00:00-06:00
-113.29739011547183,53.29295504674789,2.1677576899736106,2025-06-14 02:00:00-06:00
-113.24739011547183,53.29295504674789,2.17362701780864,2025-06-14 02:00:00-06:00
-113.19739011547183,53.29295504674789,2.170692883376252,2025-06-14 02:00:00-06:00
-113.14739011547184,53.29295504674789,2.16277704101768,2025-06-14 02:00:00-06:00
-113.09739011547184,53.29295504674789,2.1533728957477014,2025-06-14 02:00:00-06:00
-113.04739011547184,53.29295504674789,2.14285466520823,2025-06-14 02:00:00-06:00
-112.99739011547184,53.29295504674789,2.1346581800933717,2025-06-14 02:00:00-06:00
-112.94739011547185,53.29295504674789,2.2482539007573004,2025-06-14 02:00:00-06:00
-112.89739011547185,53.29295504674789,2.2702329221508015,2025-06-14 02:00:00-06:00
-112.84739011547185,53.29295504674789,2.296217338760875,2025-06-14 02:00:00-06:00
-112.79739011547186,53.29295504674789,2.319915130539076,2025-06-14 02:00:00-06:00
-112.74739011547186,53.29295504674789,2.34101468462978,2025-06-14 02:00:00-06:00
-112.69739011547186,53.29295504674789,2.359329486689629,2025-06-14 02:00:00-06:00
-112.64739011547186,53.29295504674789,2.3747614729780095,2025-06-14 02:00:00-06:00
-112.59739011547187,53.29295504674789,2.3873374301827015,2025-06-14 02:00:00-06:00
-112.54739011547187,53.29295504674789,2.397227198503102,2025-06-14 02:00:00-06:00
-112.49739011547187,53.29295504674789,2.4047165382525235,2025-06-14 02:00:00-06:00
-112.44739011547188,53.29295504674789,2.4101544611197667,2025-06-14 02:00:00-06:00
-112.39739011547188,53.29295504674789,2.413901786967411,2025-06-14 02:00:00-06:00
-112.34739011547188,53.29295504674789,2.4162951164761135,2025-06-14 02:00:00-06:00
-112.29739011547188,53.29295504674789,2.5187407918805063,2025-06-14 02:00:00-06:00
-112.24739011547189,53.29295504674789,2.5214160601874362,2025-06-14 02:00:00-06:00
-113.7973901154718,53.34295504674789,2.1122975487320255,2025-06-14 02:00:00-06:00
-113.7473901154718,53.34295504674789,2.1195624455242847,2025-06-14 02:00:00-06:00
-113.6973901154718,53.34295504674789,2.131534562441378,2025-06-14 02:00:00-06:00
-113.64739011547181,53.34295504674789,2.136829048522779,2025-06-14 02:00:00-06:00
-113.59739011547181,53.34295504674789,2.1266395777462357,2025-06-14 02:00:00-06:00
-113.54739011547181,53.34295504674789,2.175297068604305,2025-06-14 02:00:00-06:00
-113.49739011547182,53.34295504674789,2.169493217430412,2025-06-14 02:00:00-06:00
-113.44739011547182,53.34295504674789,2.1975055980411873,2025-06-14 02:00:00-06:00
-113.39739011547182,53.34295504674789,2.24086092057502,2025-06-14 02:00:00-06:00
-113.34739011547182,53.34295504674789,2.187614996356516,2025-06-14 02:00:00-06:00
-113.29739011547183,53.34295504674789,2.1962721765087276,2025-06-14 02:00:00-06:00
-113.24739011547183,53.34295504674789,2.1898156701781444,2025-06-14 02:00:00-06:00
-113.19739011547183,53.34295504674789,2.175399374637049,2025-06-14 02:00:00-06:00
-113.14739011547184,53.34295504674789,2.157984568067045,2025-06-14 02:00:00-06:00
-113.09739011547184,53.34295504674789,2.1437462009258,2025-06-14 02:00:00-06:00
-113.04739011547184,53.34295504674789,2.1323751286447594,2025-06-14 02:00:00-06:00
-112.99739011547184,53.34295504674789,2.22444658407419,2025-06-14 02:00:00-06:00
-112.94739011547185,53.34295504674789,2.2404805261616816,2025-06-14 02:00:00-06:00
-112.89739011547185,53.34295504674789,2.272870804497369,2025-06-14 02:00:00-06:00
-112.84739011547185,53.34295504674789,2.302570681327579,2025-06-14 02:00:00-06:00
-112.79739011547186,53.34295504674789,2.3292250456767962,2025-06-14 02:00:00-06:00
-112.74739011547186,53.34295504674789,2.352715311120402,2025-06-14 02:00:00-06:00
-112.69739011547186,53.34295504674789,2.3728409927439946,2025-06-14 02:00:00-06:00
-112.64739011547186,53.34295504674789,2.389415570682274,2025-06-14 02:00:00-06:00
-112.59739011547187,53.34295504674789,2.4024481125795414,2025-06-14 02:00:00-06:00
-112.54739011547187,53.34295504674789,2.4121979925633115,2025-06-14 02:00:00-06:00
-112.49739011547187,53.34295504674789,2.41910513885189,2025-06-14 02:00:00-06:00
-112.44739011547188,53.34295504674789,2.4236814836379783,2025-06-14 02:00:00-06:00
-112.39739011547188,53.34295504674789,2.5195415607672844,2025-06-14 02:00:00-06:00
-112.34739011547188,53.34295504674789,2.5234376704813744,2025-06-14 02:00:00-06:00
-112.29739011547188,53.34295504674789,2.5263005472434146,2025-06-14 02:00:00-06:00
-112.24739011547189,53.34295504674789,2.528370048538531,2025-06-14 02:00:00-06:00
-113.7973901154718,53.392955046747886,2.088927670117787,2025-06-14 02:00:00-06:00
-113.7473901154718,53.392955046747886,2.0994545910363467,2025-06-14 02:00:00-06:00
-113.6973901154718,53.392955046747886,2.131775775036418,2025-06-14 02:00:00-06:00
-113.64739011547181,53.392955046747886,2.1617235103088985,2025-06-14 02:00:00-06:00
-113.59739011547181,53.392955046747886,2.1644390732067262,2025-06-14 02:00:00-06:00
-113.54739011547181,53.392955046747886,2.2216793145179325,2025-06-14 02:00:00-06:00
-113.49739011547182,53.392955046747886,2.223713155754246,2025-06-14 02:00:00-06:00
-113.44739011547182,53.392955046747886,2.2571719670159878,2025-06-14 02:00:00-06:00
-113.39739011547182,53.392955046747886,2.2982520628155596,2025-06-14 02:00:00-06:00
-113.34739011547182,53.392955046747886,2.236251960446378,2025-06-14 02:00:00-06:00
-113.29739011547183,53.392955046747886,2.225593153412219,2025-06-14 02:00:00-06:00
-113.24739011547183,53.392955046747886,2.201781802913778,2025-06-14 02:00:00-06:00
-113.19739011547183,53.392955046747886,2.1698202937670477,2025-06-14 02:00:00-06:00
-113.14739011547184,53.392955046747886,2.1429323021826643,2025-06-14 02:00:00-06:00
-113.09739011547184,53.392955046747886,2.1249885456400417,2025-06-14 02:00:00-06:00
-113.04739011547184,53.392955046747886,2.194989364043454,2025-06-14 02:00:00-06:00
-112.99739011547184,53.392955046747886,2.207926930435212,2025-06-14 02:00:00-06:00
-112.94739011547185,53.392955046747886,2.239770963534233,2025-06-14 02:00:00-06:00
-112.89739011547185,53.392955046747886,2.2773522455107593,2025-06-14 02:00:00-06:00
-112.84739011547185,53.392955046747886,2.3107229474371445,2025-06-14 02:00:00-06:00
-112.79739011547186,53.392955046747886,2.340471584948584,2025-06-14 02:00:00-06:00
-112.74739011547186,53.392955046747886,2.3667855889965197,2025-06-14 02:00:00-06:00
-112.69739011547186,53.392955046747886,2.3891654656587513,2025-06-14 02:00:00-06:00
-112.64739011547186,53.392955046747886,2.407069946834792,2025-06-14 02:00:00-06:00
-112.59739011547187,53.392955046747886,2.420432078454276,2025-06-14 02:00:00-06:00
-112.54739011547187,53.392955046747886,2.4296929606186186,2025-06-14 02:00:00-06:00
-112.49739011547187,53.392955046747886,2.5188539592297836,2025-06-14 02:00:00-06:00
-112.44739011547188,53.392955046747886,2.5251087793613807,2025-06-14 02:00:00-06:00
-112.39739011547188,53.392955046747886,2.529517948296626,2025-06-14 02:00:00-06:00
-112.34739011547188,53.392955046747886,2.532554567230571,2025-06-14 02:00:00-06:00
-112.29739011547188,53.392955046747886,2.5345834121517554,2025-06-14 02:00:00-06:00
-112.24739011547189,53.392955046747886,2.5358768230023636,2025-06-14 02:00:00-06:00
-113.7973901154718,53.44295504674788,2.0497766568326914,2025-06-14 02:00:00-06:00
-113.7473901154718,53.44295504674788,2.052066229480189,2025-06-14 02:00:00-06:00
-113.6973901154718,53.44295504674788,2.1175226199676587,2025-06-14 02:00:00-06:00
-113.64739011547181,53.44295504674788,2.192110599975351,2025-06-14 02:00:00-06:00
-113.59739011547181,53.44295504674788,2.199793240295749,2025-06-14 02:00:00-06:00
-113.54739011547181,53.44295504674788,2.1805254945105217,2025-06-14 02:00:00-06:00
-113.49739011547182,53.44295504674788,2.183327881505977,2025-06-14 02:00:00-06:00
-113.44739011547182,53.44295504674788,2.2720754953092768,2025-06-14 02:00:00-06:00
-113.39739011547182,53.44295504674788,2.3561970290995355,2025-06-14 02:00:00-06:00
-113.34739011547182,53.44295504674788,2.345807925770607,2025-06-14 02:00:00-06:00
-113.29739011547183,53.44295504674788,2.2383463589276476,2025-06-14 02:00:00-06:00
-113.24739011547183,53.44295504674788,2.1958001527208015,2025-06-14 02:00:00-06:00
-113.19739011547183,53.44295504674788,2.1481444410618993,2025-06-14 02:00:00-06:00
-113.14739011547184,53.44295504674788,2.1097517333397486,2025-06-14 02:00:00-06:00
-113.09739011547184,53.44295504674788,2.1458844454643318,2025-06-14 02:00:00-06:00
-113.04739011547184,53.44295504674788,2.1661332843268535,2025-06-14 02:00:00-06:00
-112.99739011547184,53.44295504674788,2.1920826195378873,2025-06-14 02:00:00-06:00
-112.94739011547185,53.44295504674788,2.2417352571145654,2025-06-14 02:00:00-06:00
-112.89739011547185,53.44295504674788,2.283633199616315,2025-06-14 02:00:00-06:00
-112.84739011547185,53.44295504674788,2.319671806037228,2025-06-14 02:00:00-06:00
-112.79739011547186,53.44295504674788,2.3527858047998262,2025-06-14 02:00:00-06:00
-112.74739011547186,53.44295504674788,2.383136303970439,2025-06-14 02:00:00-06:00
-112.69739011547186,53.44295504674788,2.4088740791002277,2025-06-14 02:00:00-06:00
-112.64739011547186,53.44295504674788,2.4285128897773345,2025-06-14 02:00:00-06:00
-112.59739011547187,53.44295504674788,2.513163859910532,2025-06-14 02:00:00-06:00
-112.54739011547187,53.44295504674788,2.524694329563504,2025-06-14 02:00:00-06:00
-112.49739011547187,53.44295504674788,2.5324875146071513,2025-06-14 02:00:00-06:00
-112.44739011547188,53.44295504674788,2.537561491875196,2025-06-14 02:00:00-06:00
-112.39739011547188,53.44295504674788,2.540726526982988,2025-06-14 02:00:00-06:00
-112.34739011547188,53.44295504674788,2.5425755165501265,2025-06-14 02:00:00-06:00
-114.19739011547178,53.49295504674788,2.056444997837285,2025-06-14 02:00:00-06:00
-114.14739011547178,53.49295504674788,2.0649806020469135,2025-06-14 02:00:00-06:00
-114.09739011547178,53.49295504674788,2.078125019027343,2025-06-14 02:00:00-06:00
-114.04739011547179,53.49295504674788,2.0921840649777277,2025-06-14 02:00:00-06:00
-113.99739011547179,53.49295504674788,2.102067606475429,2025-06-14 02:00:00-06:00
-113.94739011547179,53.49295504674788,2.103169023019441,2025-06-14 02:00:00-06:00
-113.8973901154718,53.49295504674788,2.091713128234474,2025-06-14 02:00:00-06:00
-113.8473901154718,53.49295504674788,2.063952169417747,2025-06-14 02:00:00-06:00
-113.7973901154718,53.49295504674788,2.020870933800464,2025-06-14 02:00:00-06:00
-113.7473901154718,53.49295504674788,2.0050853197997776,2025-06-14 02:00:00-06:00
-113.6973901154718,53.49295504674788,2.1086095073299727,2025-06-14 02:00:00-06:00
-113.64739011547181,53.49295504674788,2.2868772905429853,2025-06-14 02:00:00-06:00
-113.59739011547181,53.49295504674788,2.330310222300213,2025-06-14 02:00:00-06:00
-113.54739011547181,53.49295504674788,2.0798314800337616,2025-06-14 02:00:00-06:00
-113.49739011547182,53.49295504674788,2.096514501923344,2025-06-14 02:00:00-06:00
-113.44739011547182,53.49295504674788,2.264044140420886,2025-06-14 02:00:00-06:00
-113.39739011547182,53.49295504674788,2.4873549467810405,2025-06-14 02:00:00-06:00
-113.34739011547182,53.49295504674788,2.3594882651019597,2025-06-14 02:00:00-06:00
-113.29739011547183,53.49295504674788,2.1760824001204395,2025-06-14 02:00:00-06:00
-113.24739011547183,53.49295504674788,2.1759911519973145,2025-06-14 02:00:00-06:00
-113.19739011547183,53.49295504674788,2.1090187386066033,2025-06-14 02:00:00-06:00
-113.14739011547184,53.49295504674788,2.055102793480539,2025-06-14 02:00:00-06:00
-113.09739011547184,53.49295504674788,2.0899333025651656,2025-06-14 02:00:00-06:00
-113.04739011547184,53.49295504674788,2.137038174104207,2025-06-14 02:00:00-06:00
-112.99739011547184,53.49295504674788,2.1909305812806417,2025-06-14 02:00:00-06:00
-112.94739011547185,53.49295504674788,2.2479532476299315,2025-06-14 02:00:00-06:00
-112.89739011547185,53.49295504674788,2.289425851037966,2025-06-14 02:00:00-06:00
-112.84739011547185,53.49295504674788,2.325433742681091,2025-06-14 02:00:00-06:00
-112.79739011547186,53.49295504674788,2.3636048681272306,2025-06-14 02:00:00-06:00
-112.74739011547186,53.49295504674788,2.4016394677312345,2025-06-14 02:00:00-06:00
-112.69739011547186,53.49295504674788,2.4900688638561737,2025-06-14 02:00:00-06:00
-112.64739011547186,53.49295504674788,2.5153195509034196,2025-06-14 02:00:00-06:00
-112.59739011547187,53.49295504674788,2.5321467681744148,2025-06-14 02:00:00-06:00
-112.54739011547187,53.49295504674788,2.5425345473673997,2025-06-14 02:00:00-06:00
-112.49739011547187,53.49295504674788,2.548532778811302,2025-06-14 02:00:00-06:00
-112.44739011547188,53.49295504674788,2.5517012163969683,2025-06-14 02:00:00-06:00
-112.39739011547188,53.49295504674788,2.553092783965157,2025-06-14 02:00:00-06:00
-112.34739011547188,53.49295504674788,2.5533831211351123,2025-06-14 02:00:00-06:00
-114.19739011547178,53.54295504674788,2.076031279449544,2025-06-14 02:00:00-06:00
-114.14739011547178,53.54295504674788,2.0838490617014407,2025-06-14 02:00:00-06:00
-114.09739011547178,53.54295504674788,2.0942327757856085,2025-06-14 02:00:00-06:00
-114.04739011547179,53.54295504674788,2.1044512359779444,2025-06-14 02:00:00-06:00
-113.99739011547179,53.54295504674788,2.111009802004739,2025-06-14 02:00:00-06:00
-113.94739011547179,53.54295504674788,2.110638492460019,2025-06-14 02:00:00-06:00
-113.8973901154718,53.54295504674788,2.1005560058675226,2025-06-14 02:00:00-06:00
-113.8473901154718,53.54295504674788,2.0786077590491585,2025-06-14 02:00:00-06:00
-113.7973901154718,53.54295504674788,2.0487622274981336,2025-06-14 02:00:00-06:00
-113.7473901154718,53.54295504674788,2.063383089250114,2025-06-14 02:00:00-06:00
-113.6973901154718,53.54295504674788,2.178161496603358,2025-06-14 02:00:00-06:00
-113.64739011547181,53.54295504674788,2.33384623689895,2025-06-14 02:00:00-06:00
-113.59739011547181,53.54295504674788,2.609368439391547,2025-06-14 02:00:00-06:00
-113.54739011547181,53.54295504674788,2.654750032390447,2025-06-14 02:00:00-06:00
-113.49739011547182,53.54295504674788,2.042275003995542,2025-06-14 02:00:00-06:00
-113.44739011547182,53.54295504674788,2.2108427817350207,2025-06-14 02:00:00-06:00
-113.39739011547182,53.54295504674788,2.7604831563939896,2025-06-14 02:00:00-06:00
-113.34739011547182,53.54295504674788,2.6178543000695056,2025-06-14 02:00:00-06:00
-113.29739011547183,53.54295504674788,2.110321778386703,2025-06-14 02:00:00-06:00
-113.24739011547183,53.54295504674788,2.166301069298066,2025-06-14 02:00:00-06:00
-113.19739011547183,53.54295504674788,2.0894971133981213,2025-06-14 02:00:00-06:00
-113.14739011547184,53.54295504674788,2.004292777649653,2025-06-14 02:00:00-06:00
-113.09739011547184,53.54295504674788,2.0470382546569765,2025-06-14 02:00:00-06:00
-113.04739011547184,53.54295504674788,2.1241781314497246,2025-06-14 02:00:00-06:00
-112.99739011547184,53.54295504674788,2.20362208048623,2025-06-14 02:00:00-06:00
-112.79739011547186,53.54295504674788,2.4089341129617443,2025-06-14 02:00:00-06:00
-112.74739011547186,53.54295504674788,2.467137723174901,2025-06-14 02:00:00-06:00
-112.69739011547186,53.54295504674788,2.5128524618726544,2025-06-14 02:00:00-06:00
-112.64739011547186,53.54295504674788,2.541413489877654,2025-06-14 02:00:00-06:00
-112.59739011547187,53.54295504674788,2.556867793647367,2025-06-14 02:00:00-06:00
-112.54739011547187,53.54295504674788,2.5642326459777625,2025-06-14 02:00:00-06:00
-112.49739011547187,53.54295504674788,2.567034603582258,2025-06-14 02:00:00-06:00
-112.44739011547188,53.54295504674788,2.567364211450412,2025-06-14 02:00:00-06:00
-112.39739011547188,53.54295504674788,2.5663888091269116,2025-06-14 02:00:00-06:00
-112.34739011547188,53.54295504674788,2.564749419347379,2025-06-14 02:00:00-06:00
-114.19739011547178,53.592955046747875,2.0926587851890512,2025-06-14 02:00:00-06:00
-114.14739011547178,53.592955046747875,2.0995658313710908,2025-06-14 02:00:00-06:00
-114.09739011547178,53.592955046747875,2.1078494278435764,2025-06-14 02:00:00-06:00
-114.04739011547179,53.592955046747875,2.1156642553140386,2025-06-14 02:00:00-06:00
-113.99739011547179,53.592955046747875,2.1208645905423533,2025-06-14 02:00:00-06:00
-113.94739011547179,53.592955046747875,2.121673983694134,2025-06-14 02:00:00-06:00
-113.8973901154718,53.592955046747875,2.117295734161125,2025-06-14 02:00:00-06:00
-113.8473901154718,53.592955046747875,2.109226508346856,2025-06-14 02:00:00-06:00
-113.7973901154718,53.592955046747875,2.1365079416718658,2025-06-14 02:00:00-06:00
-113.7473901154718,53.592955046747875,2.1560511552601485,2025-06-14 02:00:00-06:00
-113.6973901154718,53.592955046747875,2.2027433718379634,2025-06-14 02:00:00-06:00
-113.64739011547181,53.592955046747875,2.203424009756189,2025-06-14 02:00:00-06:00
-113.59739011547181,53.592955046747875,2.362484209814371,2025-06-14 02:00:00-06:00
-113.54739011547181,53.592955046747875,2.6686733129341014,2025-06-14 02:00:00-06:00
-113.49739011547182,53.592955046747875,2.26527239475407,2025-06-14 02:00:00-06:00
-113.44739011547182,53.592955046747875,2.2997245100755763,2025-06-14 02:00:00-06:00
-113.39739011547182,53.592955046747875,2.5876274299813113,2025-06-14 02:00:00-06:00
-113.34739011547182,53.592955046747875,2.5336239381623127,2025-06-14 02:00:00-06:00
-113.29739011547183,53.592955046747875,2.3080595959509327,2025-06-14 02:00:00-06:00
-114.19739011547178,53.64295504674787,2.106337632377953,2025-06-14 02:00:00-06:00
-114.14739011547178,53.64295504674787,2.1124314417303705,2025-06-14 02:00:00-06:00
-114.09739011547178,53.64295504674787,2.1193231032928823,2025-06-14 02:00:00-06:00
-114.04739011547179,53.64295504674787,2.1258685299461173,2025-06-14 02:00:00-06:00
-113.99739011547179,53.64295504674787,2.130908272210145,2025-06-14 02:00:00-06:00
-113.94739011547179,53.64295504674787,2.1337668627365067,2025-06-14 02:00:00-06:00
-113.8973901154718,53.64295504674787,2.1348449024739917,2025-06-14 02:00:00-06:00
-113.8473901154718,53.64295504674787,2.1364741547545036,2025-06-14 02:00:00-06:00
-113.7973901154718,53.64295504674787,2.18654976260096,2025-06-14 02:00:00-06:00
-113.7473901154718,53.64295504674787,2.1963311483895085,2025-06-14 02:00:00-06:00
-113.6973901154718,53.64295504674787,2.190385749058453,2025-06-14 02:00:00-06:00
-113.64739011547181,53.64295504674787,2.1036072427259933,2025-06-14 02:00:00-06:00
-113.59739011547181,53.64295504674787,2.0631653595930635,2025-06-14 02:00:00-06:00
-113.54739011547181,53.64295504674787,2.3288559596350495,2025-06-14 02:00:00-06:00
-113.49739011547182,53.64295504674787,2.344905912851405,2025-06-14 02:00:00-06:00
-113.44739011547182,53.64295504674787,2.361765951098737,2025-06-14 02:00:00-06:00
-113.39739011547182,53.64295504674787,2.4338490100902477,2025-06-14 02:00:00-06:00
-113.34739011547182,53.64295504674787,2.420228129800481,2025-06-14 02:00:00-06:00
-113.29739011547183,53.64295504674787,2.288141303397096,2025-06-14 02:00:00-06:00
-114.19739011547178,53.69295504674787,2.117526061184767,2025-06-14 02:00:00-06:00
-114.14739011547178,53.69295504674787,2.1229946189653055,2025-06-14 02:00:00-06:00
-114.09739011547178,53.69295504674787,2.129023349654519,2025-06-14 02:00:00-06:00
-114.04739011547179,53.69295504674787,2.134952915810875,2025-06-14 02:00:00-06:00
-113.99739011547179,53.69295504674787,2.1402255000300796,2025-06-14 02:00:00-06:00
-113.94739011547179,53.69295504674787,2.1447031125332203,2025-06-14 02:00:00-06:00
-113.8973901154718,53.69295504674787,2.148973957978605,2025-06-14 02:00:00-06:00
-113.8473901154718,53.69295504674787,2.2135193014984513,2025-06-14 02:00:00-06:00
-113.7973901154718,53.69295504674787,2.2150366363056064,2025-06-14 02:00:00-06:00
-113.7473901154718,53.69295504674787,2.217123273081145,2025-06-14 02:00:00-06:00
-113.6973901154718,53.69295504674787,2.207264545500567,2025-06-14 02:00:00-06:00
-113.64739011547181,53.69295504674787,2.1798796872846333,2025-06-14 02:00:00-06:00
-113.59739011547181,53.69295504674787,2.1954576694793744,2025-06-14 02:00:00-06:00
-113.54739011547181,53.69295504674787,2.3365202411380963,2025-06-14 02:00:00-06:00
-113.49739011547182,53.69295504674787,2.4224332436309033,2025-06-14 02:00:00-06:00
-113.44739011547182,53.69295504674787,2.5000446228258744,2025-06-14 02:00:00-06:00
-113.39739011547182,53.69295504674787,2.5300421519535683,2025-06-14 02:00:00-06:00
-113.34739011547182,53.69295504674787,2.4128649186021214,2025-06-14 02:00:00-06:00
-113.29739011547183,53.69295504674787,2.2616363588590165,2025-06-14 02:00:00-06:00
-114.14739011547178,53.742955046747866,2.1317207049924582,2025-06-14 02:00:00-06:00
-114.09739011547178,53.742955046747866,2.13720019633301,2025-06-14 02:00:00-06:00
-114.04739011547179,53.742955046747866,2.14278976487834,2025-06-14 02:00:00-06:00
-113.99739011547179,53.742955046747866,2.148237671293292,2025-06-14 02:00:00-06:00
-113.94739011547179,53.742955046747866,2.1535669294626523,2025-06-14 02:00:00-06:00
-113.8973901154718,53.742955046747866,2.1591584621774516,2025-06-14 02:00:00-06:00
-113.8473901154718,53.742955046747866,2.2330289873182987,2025-06-14 02:00:00-06:00
-113.7973901154718,53.742955046747866,2.234689392858273,2025-06-14 02:00:00-06:00
-113.7473901154718,53.742955046747866,2.236304337179777,2025-06-14 02:00:00-06:00
-113.6973901154718,53.742955046747866,2.2358726000750795,2025-06-14 02:00:00-06:00
-113.64739011547181,53.742955046747866,2.2384576325143586,2025-06-14 02:00:00-06:00
-113.59739011547181,53.742955046747866,2.262191230527461,2025-06-14 02:00:00-06:00
-113.54739011547181,53.742955046747866,2.3938769228787375,2025-06-14 02:00:00-06:00
-113.49739011547182,53.742955046747866,2.4774231779582703,2025-06-14 02:00:00-06:00
-114.14739011547178,53.79295504674786,2.138952104272904,2025-06-14 02:00:00-06:00
-114.09739011547178,53.79295504674786,2.1440361767754124,2025-06-14 02:00:00-06:00
-114.04739011547179,53.79295504674786,2.1493551501941384,2025-06-14 02:00:00-06:00
-113.99739011547179,53.79295504674786,2.154789732644135,2025-06-14 02:00:00-06:00
-113.94739011547179,53.79295504674786,2.1603699281169693,2025-06-14 02:00:00-06:00
-113.8973901154718,53.79295504674786,2.2498648098866547,2025-06-14 02:00:00-06:00
-113.8473901154718,53.79295504674786,2.2520704890725813,2025-06-14 02:00:00-06:00
-113.7973901154718,53.79295504674786,2.256178738431514,2025-06-14 02:00:00-06:00
-113.7473901154718,53.79295504674786,2.261952335234084,2025-06-14 02:00:00-06:00
-113.6973901154718,53.79295504674786,2.2701790554934087,2025-06-14 02:00:00-06:00
-113.64739011547181,53.79295504674786,2.2853568432860283,2025-06-14 02:00:00-06:00
-113.59739011547181,53.79295504674786,2.4030955713841933,2025-06-14 02:00:00-06:00
-113.54739011547181,53.79295504674786,2.4597659862079095,2025-06-14 02:00:00-06:00
-113.49739011547182,53.79295504674786,2.545343163190951,2025-06-14 02:00:00-06:00
-114.09739011547178,53.84295504674786,2.149696687774061,2025-06-14 02:00:00-06:00
-114.04739011547179,53.84295504674786,2.154734542457784,2025-06-14 02:00:00-06:00
-113.99739011547179,53.84295504674786,2.1599894970294757,2025-06-14 02:00:00-06:00
-113.94739011547179,53.84295504674786,2.165463877660521,2025-06-14 02:00:00-06:00
-113.8973901154718,53.84295504674786,2.267207495020971,2025-06-14 02:00:00-06:00
-113.8473901154718,53.84295504674786,2.271421814607086,2025-06-14 02:00:00-06:00
-113.7973901154718,53.84295504674786,2.27792297693663,2025-06-14 02:00:00-06:00
-113.7473901154718,53.84295504674786,2.2873816814030854,2025-06-14 02:00:00-06:00
-113.6973901154718,53.84295504674786,2.301534120602666,2025-06-14 02:00:00-06:00
-113.64739011547181,53.84295504674786,2.3242438364734097,2025-06-14 02:00:00-06:00
-113.59739011547181,53.84295504674786,2.458682276816213,2025-06-14 02:00:00-06:00
-113.54739011547181,53.84295504674786,2.5160509730098566,2025-06-14 02:00:00-06:00
-113.49739011547182,53.84295504674786,2.59159453489915,2025-06-14 02:00:00-06:00
-114.04739011547179,53.89295504674786,2.15907568928272,2025-06-14 02:00:00-06:00
-113.99739011547179,53.89295504674786,2.164044718393207,2025-06-14 02:00:00-06:00
-113.94739011547179,53.89295504674786,2.2791703153487437,2025-06-14 02:00:00-06:00
-113.8973901154718,53.89295504674786,2.283200524131007,2025-06-14 02:00:00-06:00
-113.8473901154718,53.89295504674786,2.289306668970901,2025-06-14 02:00:00-06:00
-113.7973901154718,53.89295504674786,2.29811558720333,2025-06-14 02:00:00-06:00
-113.7473901154718,53.89295504674786,2.3106732987888554,2025-06-14 02:00:00-06:00
-113.6973901154718,53.89295504674786,2.328904691016373,2025-06-14 02:00:00-06:00
-113.64739011547181,53.89295504674786,2.356177588784914,2025-06-14 02:00:00-06:00
-113.59739011547181,53.89295504674786,2.499601681155712,2025-06-14 02:00:00-06:00
-113.54739011547181,53.89295504674786,2.5493025126296485,2025-06-14 02:00:00-06:00
-113.49739011547182,53.89295504674786,2.6131029690051677,2025-06-14 02:00:00-06:00
-114.04739011547179,53.942955046747855,2.1625438658712355,2025-06-14 02:00:00-06:00
-113.99739011547179,53.942955046747855,2.167172907508925,2025-06-14 02:00:00-06:00
-113.94739011547179,53.942955046747855,2.2923134252692816,2025-06-14 02:00:00-06:00
-113.8973901154718,53.942955046747855,2.2977938815555907,2025-06-14 02:00:00-06:00
-113.8473901154718,53.942955046747855,2.305500967193644,2025-06-14 02:00:00-06:00
-113.7973901154718,53.942955046747855,2.3161562784484575,2025-06-14 02:00:00-06:00
-113.7473901154718,53.942955046747855,2.3308721127378784,2025-06-14 02:00:00-06:00
-113.6973901154718,53.942955046747855,2.3514123430111207,2025-06-14 02:00:00-06:00
-113.64739011547181,53.942955046747855,2.380469223682403,2025-06-14 02:00:00-06:00
-113.59739011547181,53.942955046747855,2.4165832396279767,2025-06-14 02:00:00-06:00
-113.54739011547181,53.942955046747855,2.564090896077677,2025-06-14 02:00:00-06:00
-113.49739011547182,53.942955046747855,2.619004235199453,2025-06-14 02:00:00-06:00
-114.04739011547179,53.99295504674785,2.165295700131852,2025-06-14 02:00:00-06:00
-113.99739011547179,53.99295504674785,2.299385829232695,2025-06-14 02:00:00-06:00
-113.94739011547179,53.99295504674785,2.3042367671375548,2025-06-14 02:00:00-06:00
-113.8973901154718,53.99295504674785,2.3108576057304746,2025-06-14 02:00:00-06:00
-113.8473901154718,53.99295504674785,2.3197571342769034,2025-06-14 02:00:00-06:00
-113.7973901154718,53.99295504674785,2.331636941027703,2025-06-14 02:00:00-06:00
-113.7473901154718,53.99295504674785,2.3474966991630417,2025-06-14 02:00:00-06:00
-113.6973901154718,53.99295504674785,2.368754378064333,2025-06-14 02:00:00-06:00
-113.64739011547181,53.99295504674785,2.3973152207153485,2025-06-14 02:00:00-06:00
-113.59739011547181,53.99295504674785,2.539131035536753,2025-06-14 02:00:00-06:00
-113.54739011547181,53.99295504674785,2.5759486716891606,2025-06-14 02:00:00-06:00
-113.49739011547182,53.99295504674785,2.620255287397218,2025-06-14 02:00:00-06:00
-114.04739011547179,54.04295504674785,2.3047494669378814,2025-06-14 02:00:00-06:00
-113.99739011547179,54.04295504674785,2.309193871810403,2025-06-14 02:00:00-06:00
-113.94739011547179,54.04295504674785,2.314867298787689,2025-06-14 02:00:00-06:00
-113.8973901154718,54.04295504674785,2.3222962075301394,2025-06-14 02:00:00-06:00
-113.8473901154718,54.04295504674785,2.331945143146928,2025-06-14 02:00:00-06:00
-113.7973901154718,54.04295504674785,2.344423743663944,2025-06-14 02:00:00-06:00
-113.7473901154718,54.04295504674785,2.3605334025497378,2025-06-14 02:00:00-06:00
-113.6973901154718,54.04295504674785,2.381293871201007,2025-06-14 02:00:00-06:00
-113.64739011547181,54.04295504674785,2.527048620460069,2025-06-14 02:00:00-06:00
-113.59739011547181,54.04295504674785,2.5523237195350643,2025-06-14 02:00:00-06:00
-113.54739011547181,54.04295504674785,2.583185013287913,2025-06-14 02:00:00-06:00
-113.49739011547182,54.04295504674785,2.6184250573209353,2025-06-14 02:00:00-06:00
-114.14739011547178,54.092955046747846,2.1624413571657053,2025-06-14 02:00:00-06:00
-114.09739011547178,54.092955046747846,2.3058723370256837,2025-06-14 02:00:00-06:00
-114.04739011547179,54.092955046747846,2.3130582329724474,2025-06-14 02:00:00-06:00
-113.99739011547179,54.092955046747846,2.317937380662244,2025-06-14 02:00:00-06:00
-113.94739011547179,54.092955046747846,2.324176639701185,2025-06-14 02:00:00-06:00
-113.8973901154718,54.092955046747846,2.332093574660858,2025-06-14 02:00:00-06:00
-113.8473901154718,54.092955046747846,2.342081483515464,2025-06-14 02:00:00-06:00
-113.7973901154718,54.092955046747846,2.3546261057816187,2025-06-14 02:00:00-06:00
-113.7473901154718,54.092955046747846,2.3703128957879334,2025-06-14 02:00:00-06:00
-113.6973901154718,54.092955046747846,2.5163809209684476,2025-06-14 02:00:00-06:00
-113.64739011547181,54.092955046747846,2.538675967718135,2025-06-14 02:00:00-06:00
-113.59739011547181,54.092955046747846,2.560951593958038,2025-06-14 02:00:00-06:00
-113.54739011547181,54.092955046747846,2.5870241366662414,2025-06-14 02:00:00-06:00
-113.49739011547182,54.092955046747846,2.615929986506876,2025-06-14 02:00:00-06:00
-114.14739011547178,54.14295504674784,2.3067008963871882,2025-06-14 02:00:00-06:00
-114.09739011547178,54.14295504674784,2.314176614442561,2025-06-14 02:00:00-06:00
-114.04739011547179,54.14295504674784,2.3203317277185183,2025-06-14 02:00:00-06:00
-113.99739011547179,54.14295504674784,2.3256173274751752,2025-06-14 02:00:00-06:00
-113.94739011547179,54.14295504674784,2.3321899510992155,2025-06-14 02:00:00-06:00
-113.8973901154718,54.14295504674784,2.3403143564922297,2025-06-14 02:00:00-06:00
-113.8473901154718,54.14295504674784,2.3503026567895624,2025-06-14 02:00:00-06:00
-113.7973901154718,54.14295504674784,2.3625142932199843,2025-06-14 02:00:00-06:00
-113.7473901154718,54.14295504674784,2.507930665101988,2025-06-14 02:00:00-06:00
-113.6973901154718,54.14295504674784,2.5299099986937588,2025-06-14 02:00:00-06:00
-113.64739011547181,54.14295504674784,2.5469478461961907,2025-06-14 02:00:00-06:00
-113.59739011547181,54.14295504674784,2.5665680045530195,2025-06-14 02:00:00-06:00
-113.54739011547181,54.14295504674784,2.5888898152769166,2025-06-14 02:00:00-06:00
-113.49739011547182,54.14295504674784,2.6132454354578742,2025-06-14 02:00:00-06:00
-114.14739011547178,54.19295504674784,2.31407638241701,2025-06-14 02:00:00-06:00
-114.09739011547178,54.19295504674784,2.321539151509167,2025-06-14 02:00:00-06:00
-114.04739011547179,54.19295504674784,2.32674865435737,2025-06-14 02:00:00-06:00
-113.99739011547179,54.19295504674784,2.3322705267889283,2025-06-14 02:00:00-06:00
-113.94739011547179,54.19295504674784,2.338979022494073,2025-06-14 02:00:00-06:00
-113.8973901154718,54.19295504674784,2.347084190107526,2025-06-14 02:00:00-06:00
-113.8473901154718,54.19295504674784,2.3568196595301365,2025-06-14 02:00:00-06:00
-113.7973901154718,54.19295504674784,2.5022844857888837,2025-06-14 02:00:00-06:00
-113.7473901154718,54.19295504674784,2.5198108102566743,2025-06-14 02:00:00-06:00
-113.6973901154718,54.19295504674784,2.537708205316162,2025-06-14 02:00:00-06:00
-113.64739011547181,54.19295504674784,2.552780244103288,2025-06-14 02:00:00-06:00
-113.59739011547181,54.19295504674784,2.570114381004246,2025-06-14 02:00:00-06:00
-113.54739011547181,54.19295504674784,2.5894483525180885,2025-06-14 02:00:00-06:00
-113.49739011547182,54.19295504674784,2.6103267998137687,2025-06-14 02:00:00-06:00
-114.24739011547177,54.24295504674784,2.308045186352393,2025-06-14 02:00:00-06:00
-114.19739011547178,54.24295504674784,2.3139964531358284,2025-06-14 02:00:00-06:00
-114.14739011547178,54.24295504674784,2.320633091684536,2025-06-14 02:00:00-06:00
-114.09739011547178,54.24295504674784,2.327654102212863,2025-06-14 02:00:00-06:00
-114.04739011547179,54.24295504674784,2.332346049459641,2025-06-14 02:00:00-06:00
-113.99739011547179,54.24295504674784,2.3379619013870157,2025-06-14 02:00:00-06:00
-113.94739011547179,54.24295504674784,2.344648296862671,2025-06-14 02:00:00-06:00
-113.8973901154718,54.24295504674784,2.3525642563196,2025-06-14 02:00:00-06:00
-113.8473901154718,54.24295504674784,2.4984439034311934,2025-06-14 02:00:00-06:00
-113.7973901154718,54.24295504674784,2.5126967849958586,2025-06-14 02:00:00-06:00
-113.7473901154718,54.24295504674784,2.5292506206892913,2025-06-14 02:00:00-06:00
-113.6973901154718,54.24295504674784,2.5431676809505954,2025-06-14 02:00:00-06:00
-113.64739011547181,54.24295504674784,2.5568053869277922,2025-06-14 02:00:00-06:00
-113.59739011547181,54.24295504674784,2.572171625917994,2025-06-14 02:00:00-06:00
-113.54739011547181,54.24295504674784,2.589052240799995,2025-06-14 02:00:00-06:00
-113.49739011547182,54.24295504674784,2.607118792785663,2025-06-14 02:00:00-06:00
-114.24739011547177,54.292955046747835,2.3139811753978243,2025-06-14 02:00:00-06:00
-114.19739011547178,54.292955046747835,2.319881799372425,2025-06-14 02:00:00-06:00
-114.14739011547178,54.292955046747835,2.3264264600756404,2025-06-14 02:00:00-06:00
-114.09739011547178,54.292955046747835,2.3324187485257446,2025-06-14 02:00:00-06:00
-114.04739011547179,54.292955046747835,2.3371785380105887,2025-06-14 02:00:00-06:00
-113.99739011547179,54.292955046747835,2.3427748494613674,2025-06-14 02:00:00-06:00
-113.94739011547179,54.292955046747835,2.3493199819383195,2025-06-14 02:00:00-06:00
-113.8973901154718,54.292955046747835,2.4958043136882857,2025-06-14 02:00:00-06:00
-113.8473901154718,54.292955046747835,2.507585886724031,2025-06-14 02:00:00-06:00
-113.7973901154718,54.292955046747835,2.5211820527958273,2025-06-14 02:00:00-06:00
-113.7473901154718,54.292955046747835,2.5362445793883586,2025-06-14 02:00:00-06:00
-113.6973901154718,54.292955046747835,2.547144141438319,2025-06-14 02:00:00-06:00
-113.64739011547181,54.292955046747835,2.5594675797417157,2025-06-14 02:00:00-06:00
-113.59739011547181,54.292955046747835,2.5731251765281575,2025-06-14 02:00:00-06:00
-113.54739011547181,54.292955046747835,2.5879377229050355,2025-06-14 02:00:00-06:00
-113.49739011547182,54.292955046747835,2.6036483884989194,2025-06-14 02:00:00-06:00
-114.24739011547177,54.34295504674783,2.3192949441479276,2025-06-14 02:00:00-06:00
-114.19739011547178,54.34295504674783,2.3251064513072666,2025-06-14 02:00:00-06:00
-114.14739011547178,54.34295504674783,2.331515928996504,2025-06-14 02:00:00-06:00
-114.09739011547178,54.34295504674783,2.336567729313712,2025-06-14 02:00:00-06:00
-114.04739011547179,54.34295504674783,2.3413117463984405,2025-06-14 02:00:00-06:00
-113.99739011547179,54.34295504674783,2.346802130986751,2025-06-14 02:00:00-06:00
-113.94739011547179,54.34295504674783,2.493982944260043,2025-06-14 02:00:00-06:00
-113.8973901154718,54.34295504674783,2.503858328142332,2025-06-14 02:00:00-06:00
-113.8473901154718,54.34295504674783,2.5151848479992425,2025-06-14 02:00:00-06:00
-113.7973901154718,54.34295504674783,2.528048642117099,2025-06-14 02:00:00-06:00
-113.7473901154718,54.34295504674783,2.539957405625958,2025-06-14 02:00:00-06:00
-113.6973901154718,54.34295504674783,2.549961990189529,2025-06-14 02:00:00-06:00
-113.64739011547181,54.34295504674783,2.5610906079880156,2025-06-14 02:00:00-06:00
-113.59739011547181,54.34295504674783,2.5732526308100874,2025-06-14 02:00:00-06:00
-113.54739011547181,54.34295504674783,2.586292554491528,2025-06-14 02:00:00-06:00
-113.49739011547182,54.34295504674783,2.715439398626126,2025-06-14 02:00:00-06:00
-113.44739011547182,54.34295504674783,2.727086059333858,2025-06-14 02:00:00-06:00
-113.39739011547182,54.34295504674783,2.738856474821825,2025-06-14 02:00:00-06:00
-113.34739011547182,54.34295504674783,2.751158475382437,2025-06-14 02:00:00-06:00
-113.29739011547183,54.34295504674783,2.763716982471292,2025-06-14 02:00:00-06:00
-114.24739011547177,54.39295504674783,2.324034522609919,2025-06-14 02:00:00-06:00
-114.19739011547178,54.39295504674783,2.329724079985702,2025-06-14 02:00:00-06:00
-114.14739011547178,54.39295504674783,2.3359630076162996,2025-06-14 02:00:00-06:00
-114.09739011547178,54.39295504674783,2.3401525557034635,2025-06-14 02:00:00-06:00
-114.04739011547179,54.39295504674783,2.3448165087774773,2025-06-14 02:00:00-06:00
-113.99739011547179,54.39295504674783,2.4927293220190125,2025-06-14 02:00:00-06:00
-113.94739011547179,54.39295504674783,2.5011079057152132,2025-06-14 02:00:00-06:00
-113.8973901154718,54.39295504674783,2.5106616579458843,2025-06-14 02:00:00-06:00
-113.8473901154718,54.39295504674783,2.521464144643381,2025-06-14 02:00:00-06:00
-113.7973901154718,54.39295504674783,2.533563853880341,2025-06-14 02:00:00-06:00
-113.7473901154718,54.39295504674783,2.5427130035400434,2025-06-14 02:00:00-06:00
-113.6973901154718,54.39295504674783,2.5518718042552027,2025-06-14 02:00:00-06:00
-113.64739011547181,54.39295504674783,2.561918926484793,2025-06-14 02:00:00-06:00
-113.59739011547181,54.39295504674783,2.5727655039538853,2025-06-14 02:00:00-06:00
-113.54739011547181,54.39295504674783,2.5842731257391973,2025-06-14 02:00:00-06:00
-113.49739011547182,54.39295504674783,2.714600605580285,2025-06-14 02:00:00-06:00
-113.44739011547182,54.39295504674783,2.7248577305095707,2025-06-14 02:00:00-06:00
-113.39739011547182,54.39295504674783,2.7351381468118716,2025-06-14 02:00:00-06:00
-113.34739011547182,54.39295504674783,2.745888620082505,2025-06-14 02:00:00-06:00
-113.29739011547183,54.39295504674783,2.7576557784029383,2025-06-14 02:00:00-06:00
-113.24739011547183,54.39295504674783,2.761354534583923,2025-06-14 02:00:00-06:00
-114.29739011547177,54.44295504674783,2.3231819360012858,2025-06-14 02:00:00-06:00
-114.24739011547177,54.44295504674783,2.3282474228120402,2025-06-14 02:00:00-06:00
-114.19739011547178,54.44295504674783,2.3337882978442255,2025-06-14 02:00:00-06:00
-114.14739011547178,54.44295504674783,2.3392217910162456,2025-06-14 02:00:00-06:00
-114.09739011547178,54.44295504674783,2.343227790618939,2025-06-14 02:00:00-06:00
-114.04739011547179,54.44295504674783,2.4918753836282748,2025-06-14 02:00:00-06:00
-113.99739011547179,54.44295504674783,2.4990604654374944,2025-06-14 02:00:00-06:00
-113.94739011547179,54.44295504674783,2.507208097535564,2025-06-14 02:00:00-06:00
-113.8973901154718,54.44295504674783,2.5163800690508453,2025-06-14 02:00:00-06:00
-113.8473901154718,54.44295504674783,2.526622035576465,2025-06-14 02:00:00-06:00
-113.7973901154718,54.44295504674783,2.5369883525125525,2025-06-14 02:00:00-06:00
-113.7473901154718,54.44295504674783,2.5446997670750027,2025-06-14 02:00:00-06:00
-113.6973901154718,54.44295504674783,2.553070061549523,2025-06-14 02:00:00-06:00
-113.64739011547181,54.44295504674783,2.5621416369461443,2025-06-14 02:00:00-06:00
-113.59739011547181,54.44295504674783,2.5718289517941777,2025-06-14 02:00:00-06:00
-113.54739011547181,54.44295504674783,2.7046722368132907,2025-06-14 02:00:00-06:00
-113.49739011547182,54.44295504674783,2.713594157569681,2025-06-14 02:00:00-06:00
-113.44739011547182,54.44295504674783,2.722661796338292,2025-06-14 02:00:00-06:00
-113.39739011547182,54.44295504674783,2.731709044185601,2025-06-14 02:00:00-06:00
-113.34739011547182,54.44295504674783,2.7413451398701048,2025-06-14 02:00:00-06:00
-113.29739011547183,54.44295504674783,2.752088953871649,2025-06-14 02:00:00-06:00
-113.24739011547183,54.44295504674783,2.754745600284827,2025-06-14 02:00:00-06:00
-113.19739011547183,54.44295504674783,2.756723461241251,2025-06-14 02:00:00-06:00
-113.14739011547184,54.44295504674783,2.757882102135119,2025-06-14 02:00:00-06:00
-114.29739011547177,54.492955046747824,2.3270418073496772,2025-06-14 02:00:00-06:00
-114.24739011547177,54.492955046747824,2.3319800633109615,2025-06-14 02:00:00-06:00
-114.19739011547178,54.492955046747824,2.3373515645665486,2025-06-14 02:00:00-06:00
-114.14739011547178,54.492955046747824,2.341939868246136,2025-06-14 02:00:00-06:00
-114.09739011547178,54.492955046747824,2.4913060952247728,2025-06-14 02:00:00-06:00
-114.04739011547179,54.492955046747824,2.4975266070771034,2025-06-14 02:00:00-06:00
-113.99739011547179,54.492955046747824,2.504543686482127,2025-06-14 02:00:00-06:00
-113.94739011547179,54.492955046747824,2.512408922720716,2025-06-14 02:00:00-06:00
-113.8973901154718,54.492955046747824,2.521163212998975,2025-06-14 02:00:00-06:00
-113.8473901154718,54.492955046747824,2.5308314952619693,2025-06-14 02:00:00-06:00
-113.7973901154718,54.492955046747824,2.539031206338331,2025-06-14 02:00:00-06:00
-113.7473901154718,54.492955046747824,2.5460701702688926,2025-06-14 02:00:00-06:00
-113.6973901154718,54.492955046747824,2.5537124127328914,2025-06-14 02:00:00-06:00
-113.64739011547181,54.492955046747824,2.5619068014425013,2025-06-14 02:00:00-06:00
-113.59739011547181,54.492955046747824,2.570572296331462,2025-06-14 02:00:00-06:00
-113.54739011547181,54.492955046747824,2.70452248334507,2025-06-14 02:00:00-06:00
-113.49739011547182,54.492955046747824,2.7124792943132,2025-06-14 02:00:00-06:00
-113.44739011547182,54.492955046747824,2.720528882690584,2025-06-14 02:00:00-06:00
-113.39739011547182,54.492955046747824,2.7285292903882254,2025-06-14 02:00:00-06:00
-113.34739011547182,54.492955046747824,2.7376991695165653,2025-06-14 02:00:00-06:00
-113.29739011547183,54.492955046747824,2.7468167891326045,2025-06-14 02:00:00-06:00
-113.24739011547183,54.492955046747824,2.7489883131311963,2025-06-14 02:00:00-06:00
-113.19739011547183,54.492955046747824,2.7505874876002165,2025-06-14 02:00:00-06:00
-113.14739011547184,54.492955046747824,2.751521657124308,2025-06-14 02:00:00-06:00
-113.09739011547184,54.492955046747824,2.7517329715242087,2025-06-14 02:00:00-06:00
-113.04739011547184,54.492955046747824,2.7512118184577368,2025-06-14 02:00:00-06:00
-112.99739011547184,54.492955046747824,2.7500006214841757,2025-06-14 02:00:00-06:00
-112.94739011547185,54.492955046747824,2.7481861640077394,2025-06-14 02:00:00-06:00
-112.89739011547185,54.492955046747824,2.745883284113779,2025-06-14 02:00:00-06:00
-112.84739011547185,54.492955046747824,2.7432157634830534,2025-06-14 02:00:00-06:00
-114.29739011547177,54.54295504674782,2.330482550102335,2025-06-14 02:00:00-06:00
-114.24739011547177,54.54295504674782,2.335277170007144,2025-06-14 02:00:00-06:00
-114.19739011547178,54.54295504674782,2.3404642388390706,2025-06-14 02:00:00-06:00
-114.14739011547178,54.54295504674782,2.4909414112523764,2025-06-14 02:00:00-06:00
-114.09739011547178,54.54295504674782,2.49637294504973,2025-06-14 02:00:00-06:00
-114.04739011547179,54.54295504674782,2.5024699168981583,2025-06-14 02:00:00-06:00
-113.99739011547179,54.54295504674782,2.509275363125407,2025-06-14 02:00:00-06:00
-113.94739011547179,54.54295504674782,2.516825060949567,2025-06-14 02:00:00-06:00
-113.8973901154718,54.54295504674782,2.525143906593266,2025-06-14 02:00:00-06:00
-113.8473901154718,54.54295504674782,2.533218251312343,2025-06-14 02:00:00-06:00
-113.7973901154718,54.54295504674782,2.540457771090002,2025-06-14 02:00:00-06:00
-113.7473901154718,54.54295504674782,2.546947951650277,2025-06-14 02:00:00-06:00
-113.6973901154718,54.54295504674782,2.5539228046944418,2025-06-14 02:00:00-06:00
-113.64739011547181,54.54295504674782,2.561330706659597,2025-06-14 02:00:00-06:00
-113.59739011547181,54.54295504674782,2.569095995930995,2025-06-14 02:00:00-06:00
-113.54739011547181,54.54295504674782,2.704178602584456,2025-06-14 02:00:00-06:00
-113.49739011547182,54.54295504674782,2.7113021580496555,2025-06-14 02:00:00-06:00
-113.44739011547182,54.54295504674782,2.718479243376631,2025-06-14 02:00:00-06:00
-113.39739011547182,54.54295504674782,2.7255896401950683,2025-06-14 02:00:00-06:00
-113.34739011547182,54.54295504674782,2.7344033200593136,2025-06-14 02:00:00-06:00
-113.29739011547183,54.54295504674782,2.742132380446229,2025-06-14 02:00:00-06:00
-113.24739011547183,54.54295504674782,2.7439355742913225,2025-06-14 02:00:00-06:00
-113.19739011547183,54.54295504674782,2.745254829430369,2025-06-14 02:00:00-06:00
-113.14739011547184,54.54295504674782,2.746026979582006,2025-06-14 02:00:00-06:00
-113.09739011547184,54.54295504674782,2.7462141197431498,2025-06-14 02:00:00-06:00
-113.04739011547184,54.54295504674782,2.7458110360316264,2025-06-14 02:00:00-06:00
-112.99739011547184,54.54295504674782,2.744847120915688,2025-06-14 02:00:00-06:00
-112.94739011547185,54.54295504674782,2.7433819033332756,2025-06-14 02:00:00-06:00
-112.89739011547185,54.54295504674782,2.74149557966611,2025-06-14 02:00:00-06:00
-112.84739011547185,54.54295504674782,2.8611914838389723,2025-06-14 02:00:00-06:00
-112.79739011547186,54.54295504674782,2.8602251387452036,2025-06-14 02:00:00-06:00
-113.64739011547181,54.59295504674782,2.56050447710784,2025-06-14 02:00:00-06:00
-113.59739011547181,54.59295504674782,2.6974107435971955,2025-06-14 02:00:00-06:00
-113.54739011547181,54.59295504674782,2.703694762880054,2025-06-14 02:00:00-06:00
-113.49739011547182,54.59295504674782,2.710097022568114,2025-06-14 02:00:00-06:00
-113.44739011547182,54.59295504674782,2.716524388545956,2025-06-14 02:00:00-06:00
-113.39739011547182,54.59295504674782,2.7229721482093456,2025-06-14 02:00:00-06:00
-113.34739011547182,54.59295504674782,2.7314131900086647,2025-06-14 02:00:00-06:00
-113.29739011547183,54.59295504674782,2.737950989527047,2025-06-14 02:00:00-06:00
-113.24739011547183,54.59295504674782,2.739469154307034,2025-06-14 02:00:00-06:00
-113.19739011547183,54.59295504674782,2.7405760317631875,2025-06-14 02:00:00-06:00
-113.14739011547184,54.59295504674782,2.741227252142579,2025-06-14 02:00:00-06:00
-113.09739011547184,54.59295504674782,2.7413970404794514,2025-06-14 02:00:00-06:00
-113.04739011547184,54.59295504674782,2.7410824811279397,2025-06-14 02:00:00-06:00
-112.99739011547184,54.59295504674782,2.7403044991625913,2025-06-14 02:00:00-06:00
-112.94739011547185,54.59295504674782,2.739105134574481,2025-06-14 02:00:00-06:00
-112.89739011547185,54.59295504674782,2.8634164590917854,2025-06-14 02:00:00-06:00
-112.84739011547185,54.59295504674782,2.8626187759515647,2025-06-14 02:00:00-06:00
-112.79739011547186,54.59295504674782,2.862402901621098,2025-06-14 02:00:00-06:00
-112.74739011547186,54.59295504674782,2.8629489532483445,2025-06-14 02:00:00-06:00
-113.64739011547181,54.642955046747815,2.5594991662558937,2025-06-14 02:00:00-06:00
-113.59739011547181,54.642955046747815,2.6974206492855193,2025-06-14 02:00:00-06:00
-113.54739011547181,54.642955046747815,2.7031124957372312,2025-06-14 02:00:00-06:00
-113.49739011547182,54.642955046747815,2.708888497223902,2025-06-14 02:00:00-06:00
-113.44739011547182,54.642955046747815,2.7146693992602935,2025-06-14 02:00:00-06:00
-113.39739011547182,54.642955046747815,2.72099957077667,2025-06-14 02:00:00-06:00
-113.34739011547182,54.642955046747815,2.728689335262967,2025-06-14 02:00:00-06:00
-113.29739011547183,54.642955046747815,2.734200546582671,2025-06-14 02:00:00-06:00
-113.24739011547183,54.642955046747815,2.7354942579880372,2025-06-14 02:00:00-06:00
-113.19739011547183,54.642955046747815,2.7364362753274536,2025-06-14 02:00:00-06:00
-113.14739011547184,54.642955046747815,2.7369945769057185,2025-06-14 02:00:00-06:00
-113.09739011547184,54.642955046747815,2.7371510343746808,2025-06-14 02:00:00-06:00
-113.04739011547184,54.642955046747815,2.736903945997534,2025-06-14 02:00:00-06:00
-112.99739011547184,54.642955046747815,2.736268544848224,2025-06-14 02:00:00-06:00
-112.94739011547185,54.642955046747815,2.7352752702788425,2025-06-14 02:00:00-06:00
-112.89739011547185,54.642955046747815,2.8643544149946183,2025-06-14 02:00:00-06:00
-112.84739011547185,54.642955046747815,2.8642000404992363,2025-06-14 02:00:00-06:00
-112.79739011547186,54.642955046747815,2.864651933379929,2025-06-14 02:00:00-06:00
-113.64739011547181,54.69295504674781,2.692238475348791,2025-06-14 02:00:00-06:00
-113.59739011547181,54.69295504674781,2.697291149355608,2025-06-14 02:00:00-06:00
-113.54739011547181,54.69295504674781,2.7024633171929215,2025-06-14 02:00:00-06:00
-113.49739011547182,54.69295504674781,2.7076937515770307,2025-06-14 02:00:00-06:00
-113.44739011547182,54.69295504674781,2.7129149765169562,2025-06-14 02:00:00-06:00
-113.39739011547182,54.69295504674781,2.7191629563171427,2025-06-14 02:00:00-06:00
-113.34739011547182,54.69295504674781,2.72619763972883,2025-06-14 02:00:00-06:00
-113.29739011547183,54.69295504674781,2.7308204994051044,2025-06-14 02:00:00-06:00
-113.24739011547183,54.69295504674781,2.731934643144818,2025-06-14 02:00:00-06:00
-113.19739011547183,54.69295504674781,2.732746107012264,2025-06-14 02:00:00-06:00
-113.14739011547184,54.69295504674781,2.7332312118633024,2025-06-14 02:00:00-06:00
-113.09739011547184,54.69295504674781,2.7333768134244423,2025-06-14 02:00:00-06:00
-113.04739011547184,54.69295504674781,2.7331818562095864,2025-06-14 02:00:00-06:00
-112.99739011547184,54.69295504674781,2.7326576378898397,2025-06-14 02:00:00-06:00
-112.94739011547185,54.69295504674781,2.86552721695561,2025-06-14 02:00:00-06:00
-112.89739011547185,54.69295504674781,2.8654637709028554,2025-06-14 02:00:00-06:00
-112.84739011547185,54.69295504674781,2.865875787463503,2025-06-14 02:00:00-06:00
-112.79739011547186,54.69295504674781,2.8669130300153176,2025-06-14 02:00:00-06:00
-112.74739011547186,54.69295504674781,2.8687373124416964,2025-06-14 02:00:00-06:00
-112.69739011547186,54.69295504674781,2.8715192921874135,2025-06-14 02:00:00-06:00
-113.64739011547181,54.74295504674781,2.692432842562574,2025-06-14 02:00:00-06:00
-113.59739011547181,54.74295504674781,2.697056184377929,2025-06-14 02:00:00-06:00
-113.54739011547181,54.74295504674781,2.7017709601697137,2025-06-14 02:00:00-06:00
-113.49739011547182,54.74295504674781,2.706524412358217,2025-06-14 02:00:00-06:00
-113.44739011547182,54.74295504674781,2.7112590041809295,2025-06-14 02:00:00-06:00
-113.39739011547182,54.74295504674781,2.717449080341999,2025-06-14 02:00:00-06:00
-113.34739011547182,54.74295504674781,2.72390898576288,2025-06-14 02:00:00-06:00
-113.29739011547183,54.74295504674781,2.7277601969367056,2025-06-14 02:00:00-06:00
-113.24739011547183,54.74295504674781,2.7287286283440553,2025-06-14 02:00:00-06:00
-113.19739011547183,54.74295504674781,2.7294348940264666,2025-06-14 02:00:00-06:00
-113.14739011547184,54.74295504674781,2.7298610990871954,2025-06-14 02:00:00-06:00
-113.09739011547184,54.74295504674781,2.729997450328955,2025-06-14 02:00:00-06:00
-113.04739011547184,54.74295504674781,2.7298432385838463,2025-06-14 02:00:00-06:00
-112.99739011547184,54.74295504674781,2.8662048207117103,2025-06-14 02:00:00-06:00
-112.94739011547185,54.74295504674781,2.866274387906671,2025-06-14 02:00:00-06:00
-112.89739011547185,54.74295504674781,2.8666818311934508,2025-06-14 02:00:00-06:00
-112.84739011547185,54.74295504674781,2.8675855794096785,2025-06-14 02:00:00-06:00
-112.79739011547186,54.74295504674781,2.869125180929034,2025-06-14 02:00:00-06:00
-112.74739011547186,54.74295504674781,2.871451535206962,2025-06-14 02:00:00-06:00
-112.69739011547186,54.74295504674781,2.8747234425067116,2025-06-14 02:00:00-06:00
-112.64739011547186,54.74295504674781,2.8791016356277455,2025-06-14 02:00:00-06:00
-112.49739011547187,54.74295504674781,2.9019162725835694,2025-06-14 02:00:00-06:00
-112.44739011547188,54.74295504674781,2.9126103092324476,2025-06-14 02:00:00-06:00
-113.64739011547181,54.79295504674781,2.6925006562020606,2025-06-14 02:00:00-06:00
-113.59739011547181,54.79295504674781,2.6967422060622828,2025-06-14 02:00:00-06:00
-113.54739011547181,54.79295504674781,2.7010531843558483,2025-06-14 02:00:00-06:00
-113.49739011547182,54.79295504674781,2.7053880608644594,2025-06-14 02:00:00-06:00
-113.44739011547182,54.79295504674781,2.7097454902403046,2025-06-14 02:00:00-06:00
-113.39739011547182,54.79295504674781,2.715845978542831,2025-06-14 02:00:00-06:00
-113.34739011547182,54.79295504674781,2.721798659563252,2025-06-14 02:00:00-06:00
-113.29739011547183,54.79295504674781,2.724977272848347,2025-06-14 02:00:00-06:00
-113.24739011547183,54.79295504674781,2.725825952247611,2025-06-14 02:00:00-06:00
-113.19739011547183,54.79295504674781,2.7264461577655044,2025-06-14 02:00:00-06:00
-113.14739011547184,54.79295504674781,2.7268241015231474,2025-06-14 02:00:00-06:00
-113.09739011547184,54.79295504674781,2.8597482600411235,2025-06-14 02:00:00-06:00
-113.04739011547184,54.79295504674781,2.8630675572278808,2025-06-14 02:00:00-06:00
-112.99739011547184,54.79295504674781,2.866531787238608,2025-06-14 02:00:00-06:00
-112.94739011547185,54.79295504674781,2.8671356563563206,2025-06-14 02:00:00-06:00
-112.89739011547185,54.79295504674781,2.8679500022792666,2025-06-14 02:00:00-06:00
-112.84739011547185,54.79295504674781,2.8692723263175304,2025-06-14 02:00:00-06:00
-112.79739011547186,54.79295504674781,2.8712312747267013,2025-06-14 02:00:00-06:00
-112.74739011547186,54.79295504674781,2.873965239143,2025-06-14 02:00:00-06:00
-112.69739011547186,54.79295504674781,2.8776185622011328,2025-06-14 02:00:00-06:00
-112.64739011547186,54.79295504674781,2.882335090039551,2025-06-14 02:00:00-06:00
-112.59739011547187,54.79295504674781,2.888247698703193,2025-06-14 02:00:00-06:00
-112.54739011547187,54.79295504674781,2.896233816212795,2025-06-14 02:00:00-06:00
-112.49739011547187,54.79295504674781,2.9057655564397886,2025-06-14 02:00:00-06:00
-112.44739011547188,54.79295504674781,2.9162824014143767,2025-06-14 02:00:00-06:00
-113.64739011547181,54.842955046747804,2.6924685964233674,2025-06-14 02:00:00-06:00
-113.59739011547181,54.842955046747804,2.696369818970043,2025-06-14 02:00:00-06:00
-113.54739011547181,54.842955046747804,2.700323200053827,2025-06-14 02:00:00-06:00
-113.49739011547182,54.842955046747804,2.7042893674277924,2025-06-14 02:00:00-06:00
-113.44739011547182,54.842955046747804,2.7087085205780475,2025-06-14 02:00:00-06:00
-113.39739011547182,54.842955046747804,2.7143429923169133,2025-06-14 02:00:00-06:00
-113.34739011547182,54.842955046747804,2.7198457042889643,2025-06-14 02:00:00-06:00
-113.29739011547183,54.842955046747804,2.722436204309669,2025-06-14 02:00:00-06:00
-113.24739011547183,54.842955046747804,2.723185342490386,2025-06-14 02:00:00-06:00
-113.19739011547183,54.842955046747804,2.723734207792661,2025-06-14 02:00:00-06:00
-113.14739011547184,54.842955046747804,2.8569873267489587,2025-06-14 02:00:00-06:00
-113.09739011547184,54.842955046747804,2.8601738808187047,2025-06-14 02:00:00-06:00
-113.04739011547184,54.842955046747804,2.8635006664012943,2025-06-14 02:00:00-06:00
-112.99739011547184,54.842955046747804,2.8669970591322373,2025-06-14 02:00:00-06:00
-112.94739011547185,54.842955046747804,2.868056683524465,2025-06-14 02:00:00-06:00
-112.89739011547185,54.842955046747804,2.8692160298230784,2025-06-14 02:00:00-06:00
-112.84739011547185,54.842955046747804,2.870885638100085,2025-06-14 02:00:00-06:00
-112.79739011547186,54.842955046747804,2.873182417751467,2025-06-14 02:00:00-06:00
-112.74739011547186,54.842955046747804,2.8762308434887656,2025-06-14 02:00:00-06:00
-112.69739011547186,54.842955046747804,2.880158817070721,2025-06-14 02:00:00-06:00
-112.64739011547186,54.842955046747804,2.8850909020238498,2025-06-14 02:00:00-06:00
-112.59739011547187,54.842955046747804,2.891137812087092,2025-06-14 02:00:00-06:00
-112.54739011547187,54.842955046747804,2.8993299783419118,2025-06-14 02:00:00-06:00
-112.49739011547187,54.842955046747804,2.9086482270867955,2025-06-14 02:00:00-06:00
-112.44739011547188,54.842955046747804,2.9188221062906807,2025-06-14 02:00:00-06:00
-113.64739011547181,54.8929550467478,2.6923579653840024,2025-06-14 02:00:00-06:00
-113.59739011547181,54.8929550467478,2.6959550698957226,2025-06-14 02:00:00-06:00
-113.54739011547181,54.8929550467478,2.699590767887534,2025-06-14 02:00:00-06:00
-113.49739011547182,54.8929550467478,2.70323093114762,2025-06-14 02:00:00-06:00
-113.44739011547182,54.8929550467478,2.707711151107233,2025-06-14 02:00:00-06:00
-113.39739011547182,54.8929550467478,2.7129307011038786,2025-06-14 02:00:00-06:00
-113.34739011547182,54.8929550467478,2.7180323151628354,2025-06-14 02:00:00-06:00
-113.29739011547183,54.8929550467478,2.7201070919930483,2025-06-14 02:00:00-06:00
-113.24739011547183,54.8929550467478,2.7207726433729813,2025-06-14 02:00:00-06:00
-113.19739011547183,54.8929550467478,2.85449100258139,2025-06-14 02:00:00-06:00
-113.14739011547184,54.8929550467478,2.8575273235508694,2025-06-14 02:00:00-06:00
-113.09739011547184,54.8929550467478,2.860699508054022,2025-06-14 02:00:00-06:00
-113.04739011547184,54.8929550467478,2.8640297988221124,2025-06-14 02:00:00-06:00
-112.99739011547184,54.8929550467478,2.867547506923049,2025-06-14 02:00:00-06:00
-112.94739011547185,54.8929550467478,2.868990721627419,2025-06-14 02:00:00-06:00
-112.89739011547185,54.8929550467478,2.8704356051015623,2025-06-14 02:00:00-06:00
-112.84739011547185,54.8929550467478,2.872384088139078,2025-06-14 02:00:00-06:00
-112.79739011547186,54.8929550467478,2.8749406600615517,2025-06-14 02:00:00-06:00
-112.74739011547186,54.8929550467478,2.878214930640608,2025-06-14 02:00:00-06:00
-112.69739011547186,54.8929550467478,2.8823172344384314,2025-06-14 02:00:00-06:00
-112.64739011547186,54.8929550467478,2.887351769500439,2025-06-14 02:00:00-06:00
-112.59739011547187,54.8929550467478,2.8934833992682285,2025-06-14 02:00:00-06:00
-112.54739011547187,54.8929550467478,2.9016438729491694,2025-06-14 02:00:00-06:00
-112.49739011547187,54.8929550467478,2.9106233542383513,2025-06-14 02:00:00-06:00
-112.44739011547188,54.8929550467478,2.920325701644843,2025-06-14 02:00:00-06:00
-113.34739011547182,54.9429550467478,2.716343311103224,2025-06-14 02:00:00-06:00
-113.29739011547183,54.9429550467478,2.7179646536710793,2025-06-14 02:00:00-06:00
-113.24739011547183,54.9429550467478,2.8522453869578226,2025-06-14 02:00:00-06:00
-113.19739011547183,54.9429550467478,2.855122098490792,2025-06-14 02:00:00-06:00
-113.14739011547184,54.9429550467478,2.8581300450004976,2025-06-14 02:00:00-06:00
-113.09739011547184,54.9429550467478,2.861286148802443,2025-06-14 02:00:00-06:00
-113.04739011547184,54.9429550467478,2.8646128067477554,2025-06-14 02:00:00-06:00
-112.99739011547184,54.9429550467478,2.868138442316413,2025-06-14 02:00:00-06:00
-112.94739011547185,54.9429550467478,2.869899116888619,2025-06-14 02:00:00-06:00
-112.89739011547185,54.9429550467478,2.871573252230019,2025-06-14 02:00:00-06:00
-112.84739011547185,54.9429550467478,2.873736351656105,2025-06-14 02:00:00-06:00
-112.79739011547186,54.9429550467478,2.8764801369346786,2025-06-14 02:00:00-06:00
-112.74739011547186,54.9429550467478,2.8798990082436307,2025-06-14 02:00:00-06:00
-112.69739011547186,54.9429550467478,2.884085533494897,2025-06-14 02:00:00-06:00
-112.64739011547186,54.9429550467478,2.889123734493521,2025-06-14 02:00:00-06:00
-112.59739011547187,54.9429550467478,2.8953834499241164,2025-06-14 02:00:00-06:00
-112.54739011547187,54.9429550467478,2.9032373025111338,2025-06-14 02:00:00-06:00
-112.49739011547187,54.9429550467478,2.9117858731777546,2025-06-14 02:00:00-06:00
-112.44739011547188,54.9429550467478,2.920928811279381,2025-06-14 02:00:00-06:00
-113.34739011547182,54.992955046747795,2.7147656891172387,2025-06-14 02:00:00-06:00
-113.29739011547183,54.992955046747795,2.8502323002077956,2025-06-14 02:00:00-06:00
-113.24739011547183,54.992955046747795,2.852946257901814,2025-06-14 02:00:00-06:00
-113.19739011547183,54.992955046747795,2.855786347105836,2025-06-14 02:00:00-06:00
-113.14739011547184,54.992955046747795,2.8587655753422023,2025-06-14 02:00:00-06:00
-113.09739011547184,54.992955046747795,2.861901105765553,2025-06-14 02:00:00-06:00
-113.04739011547184,54.992955046747795,2.865214764028953,2025-06-14 02:00:00-06:00
-112.99739011547184,54.992955046747795,2.8687333919434983,2025-06-14 02:00:00-06:00
-112.94739011547185,54.992955046747795,2.8707513857742932,2025-06-14 02:00:00-06:00
-112.69739011547186,54.992955046747795,2.8854718645102317,2025-06-14 02:00:00-06:00
-112.64739011547186,54.992955046747795,2.890431900672728,2025-06-14 02:00:00-06:00
-112.59739011547187,54.992955046747795,2.8967120579144434,2025-06-14 02:00:00-06:00
-112.54739011547187,54.992955046747795,2.9041926864104277,2025-06-14 02:00:00-06:00
-112.49739011547187,54.992955046747795,2.9122507501765154,2025-06-14 02:00:00-06:00
-112.44739011547188,54.992955046747795,2.9207848047100504,2025-06-14 02:00:00-06:00
