Value,StationName,ParameterName,ReadingDate,Latitude,Longitude
,Edmonton East,Nitric Oxide,2026-03-08T08:00:00-06:00,53.5482115,-113.3680856
,Edmonton East,Nitrogen Dioxide,2026-03-08T08:00:00-06:00,53.5482115,-113.3680856
,Edmonton East,Relative Humidity,2026-03-08T08:00:00-06:00,53.5482115,-113.3680856
,Edmonton East,Wind Direction,2026-03-08T08:00:00-06:00,53.5482115,-113.3680856
,Edmonton East,Total Hydrocarbons,2026-03-08T08:00:00-06:00,53.5482115,-113.3680856
,Edmonton East,Ozone,2026-03-08T08:00:00-06:00,53.5482115,-113.3680856
,Edmonton East,Total Oxides of Nitrogen,2026-03-08T08:00:00-06:00,53.5482115,-113.3680856
,Edmonton East,Wind Speed,2026-03-08T08:00:00-06:00,53.5482115,-113.3680856
,Edmonton East,Methane,2026-03-08T08:00:00-06:00,53.5482115,-113.3680856
3.0,Edmonton East,,2026-03-08T08:00:00-06:00,53.5482115,-113.3680856
,Edmonton East,Non-methane Hydrocarbons,2026-03-08T08:00:00-06:00,53.5482115,-113.3680856
,Edmonton East,Fine Particulate Matter,2026-03-08T08:00:00-06:00,53.5482115,-113.3680856
,Edmonton East,Outdoor Temperature,2026-03-08T08:00:00-06:00,53.5482115,-113.3680856
,Edmonton East,Sulphur Dioxide,2026-03-08T08:00:00-06:00,53.5482115,-113.3680856
,Edmonton East,Carbon Monoxide,2026-03-08T08:00:00-06:00,53.5482115,-113.3680856
,Edmonton East,Hydrogen Sulphide,2026-03-08T08:00:00-06:00,53.5482115,-113.3680856
,Edmonton Lendrum,Relative Humidity,2026-03-08T08:00:00-06:00,53.4978,-113.527
,Edmonton Lendrum,Nitric Oxide,2026-03-08T08:00:00-06:00,53.4978,-113.527
,Edmonton Lendrum,Wind Direction,2026-03-08T08:00:00-06:00,53.4978,-113.527
,Edmonton Lendrum,Total Oxides of Nitrogen,2026-03-08T08:00:00-06:00,53.4978,-113.527
,Edmonton Lendrum,Wind Speed,2026-03-08T08:00:00-06:00,53.4978,-113.527
,Edmonton Lendrum,Fine Particulate Matter,2026-03-08T08:00:00-06:00,53.4978,-113.527
,Edmonton Lendrum,Sulphur Dioxide,2026-03-08T08:00:00-06:00,53.4978,-113.527
,Edmonton Lendrum,Outdoor Temperature,2026-03-08T08:00:00-06:00,53.4978,-113.527
,Edmonton Lendrum,,2026-03-08T08:00:00-06:00,53.4978,-113.527
,Edmonton Lendrum,Ozone,2026-03-08T08:00:00-06:00,53.4978,-113.527
,Edmonton Lendrum,Nitrogen Dioxide,2026-03-08T08:00:00-06:00,53.4978,-113.527
,Calgary Central Inglewood,Relative Humidity,2026-03-08T08:00:00-06:00,51.030789,-114.008836
,Calgary Central Inglewood,Carbon Monoxide,2026-03-08T08:00:00-06:00,51.030789,-114.008836
,Calgary Central Inglewood,Nitrogen Dioxide,2026-03-08T08:00:00-06:00,51.030789,-114.008836
,Calgary Central Inglewood,,2026-03-08T08:00:00-06:00,51.030789,-114.008836
,Calgary Central Inglewood,Wind Speed,2026-03-08T08:00:00-06:00,51.030789,-114.008836
,Calgary Central Inglewood,Total Oxides of Nitrogen,2026-03-08T08:00:00-06:00,51.030789,-114.008836
,Calgary Central Inglewood,Total Hydrocarbons,2026-03-08T08:00:00-06:00,51.030789,-114.008836
,Calgary Central Inglewood,Wind Direction,2026-03-08T08:00:00-06:00,51.030789,-114.008836
,Calgary Central Inglewood,Fine Particulate Matter,2026-03-08T08:00:00-06:00,51.030789,-114.008836
,Calgary Central Inglewood,Methane,2026-03-08T08:00:00-06:00,51.030789,-114.008836
,Calgary Central Inglewood,Outdoor Temperature,2026-03-08T08:00:00-06:00,51.030789,-114.008836
,Calgary Central Inglewood,Non-methane Hydrocarbons,2026-03-08T08:00:00-06:00,51.030789,-114.008836
,Calgary Central Inglewood,Nitric Oxide,2026-03-08T08:00:00-06:00,51.030789,-114.008836
,Calgary Central Inglewood,Ozone,2026-03-08T08:00:00-06:00,51.030789,-114.008836
,Calgary Southeast,Carbon Monoxide,2026-03-08T08:00:00-06:00,50.955122,-113.969742
,Calgary Southeast,Sulphur Dioxide,2026-03-08T08:00:00-06:00,50.955122,-113.969742
,Calgary Southeast,Hydrogen Sulphide,2026-03-08T08:00:00-06:00,50.955122,-113.969742
2.0,Calgary Southeast,,2026-03-08T08:00:00-06:00,50.955122,-113.969742
,Calgary Southeast,Outdoor Temperature,2026-03-08T08:00:00-06:00,50.955122,-113.969742
,Calgary Southeast,Methane,2026-03-08T08:00:00-06:00,50.955122,-113.969742
,Calgary Southeast,Wind Direction,2026-03-08T08:00:00-06:00,50.955122,-113.969742
,Calgary Southeast,Nitrogen Dioxide,2026-03-08T08:00:00-06:00,50.955122,-113.969742
,Calgary Southeast,Wind Speed,2026-03-08T08:00:00-06:00,50.955122,-113.969742
,Calgary Southeast,Total Oxides of Nitrogen,2026-03-08T08:00:00-06:00,50.955122,-113.969742
,Calgary Southeast,Nitric Oxide,2026-03-08T08:00:00-06:00,50.955122,-113.969742
,Calgary Southeast,Fine Particulate Matter,2026-03-08T08:00:00-06:00,50.955122,-113.969742
,Calgary Southeast,Ozone,2026-03-08T08:00:00-06:00,50.955122,-113.969742
,Calgary Southeast,Total Hydrocarbons,2026-03-08T08:00:00-06:00,50.955122,-113.969742
,Calgary Southeast,Non-methane Hydrocarbons,2026-03-08T08:00:00-06:00,50.955122,-113.969742
,Calgary Varsity,Total Hydrocarbons,2026-03-08T08:00:00-06:00,51.08272,-114.138994
,Calgary Varsity,Non-methane Hydrocarbons,2026-03-08T08:00:00-06:00,51.08272,-114.138994
,Calgary Varsity,Nitrogen Dioxide,2026-03-08T08:00:00-06:00,51.08272,-114.138994
,Calgary Varsity,Wind Speed,2026-03-08T08:00:00-06:00,51.08272,-114.138994
,Calgary Varsity,Wind Direction,2026-03-08T08:00:00-06:00,51.08272,-114.138994
,Calgary Varsity,Total Oxides of Nitrogen,2026-03-08T08:00:00-06:00,51.08272,-114.138994
2.0,Calgary Varsity,,2026-03-08T08:00:00-06:00,51.08272,-114.138994
,Calgary Varsity,Methane,2026-03-08T08:00:00-06:00,51.08272,-114.138994
,Calgary Varsity,Carbon Monoxide,2026-03-08T08:00:00-06:00,51.08272,-114.138994
,Calgary Varsity,Relative Humidity,2026-03-08T08:00:00-06:00,51.08272,-114.138994
,Calgary Varsity,Fine Particulate Matter,2026-03-08T08:00:00-06:00,51.08272,-114.138994
,Calgary Varsity,Outdoor Temperature,2026-03-08T08:00:00-06:00,51.08272,-114.138994
,Calgary Varsity,Ozone,2026-03-08T08:00:00-06:00,51.08272,-114.138994
,Calgary Varsity,Nitric Oxide,2026-03-08T08:00:00-06:00,51.08272,-114.138994
,Lethbridge,Total Oxides of Nitrogen,2026-03-08T08:00:00-06:00,49.7161843,-112.800586
,Lethbridge,Non-methane Hydrocarbons,2026-03-08T08:00:00-06:00,49.7161843,-112.800586
,Lethbridge,Nitric Oxide,2026-03-08T08:00:00-06:00,49.7161843,-112.800586
,Lethbridge,Ammonia,2026-03-08T08:00:00-06:00,49.7161843,-112.800586
,Lethbridge,Total Hydrocarbons,2026-03-08T08:00:00-06:00,49.7161843,-112.800586
,Lethbridge,,2026-03-08T08:00:00-06:00,49.7161843,-112.800586
,Lethbridge,Methane,2026-03-08T08:00:00-06:00,49.7161843,-112.800586
,Lethbridge,Nitrogen Dioxide,2026-03-08T08:00:00-06:00,49.7161843,-112.800586
,Lethbridge,Wind Direction,2026-03-08T08:00:00-06:00,49.7161843,-112.800586
,Lethbridge,Carbon Monoxide,2026-03-08T08:00:00-06:00,49.7161843,-112.800586
,Lethbridge,Hydrogen Sulphide,2026-03-08T08:00:00-06:00,49.7161843,-112.800586
,Lethbridge,Relative Humidity,2026-03-08T08:00:00-06:00,49.7161843,-112.800586
,Lethbridge,Ozone,2026-03-08T08:00:00-06:00,49.7161843,-112.800586
,Lethbridge,Sulphur Dioxide,2026-03-08T08:00:00-06:00,49.7161843,-112.800586
,Lethbridge,Outdoor Temperature,2026-03-08T08:00:00-06:00,49.7161843,-112.800586
,Lethbridge,Fine Particulate Matter,2026-03-08T08:00:00-06:00,49.7161843,-112.800586
,Lethbridge,Wind Speed,2026-03-08T08:00:00-06:00,49.7161843,-112.800586
,Elk Island,Nitrogen Dioxide,2026-03-08T08:00:00-06:00,53.6824,-112.8681
,Elk Island,Wind Speed,2026-03-08T08:00:00-06:00,53.6824,-112.8681
,Elk Island,Relative Humidity,2026-03-08T08:00:00-06:00,53.6824,-112.8681
2.0,Elk Island,,2026-03-08T08:00:00-06:00,53.6824,-112.8681
,Elk Island,Wind Direction,2026-03-08T08:00:00-06:00,53.6824,-112.8681
,Elk Island,Nitric Oxide,2026-03-08T08:00:00-06:00,53.6824,-112.8681
,Elk Island,Outdoor Temperature,2026-03-08T08:00:00-06:00,53.6824,-112.8681
,Elk Island,Fine Particulate Matter,2026-03-08T08:00:00-06:00,53.6824,-112.8681
,Elk Island,Sulphur Dioxide,2026-03-08T08:00:00-06:00,53.6824,-112.8681
,Elk Island,Ozone,2026-03-08T08:00:00-06:00,53.6824,-112.8681
,Elk Island,Total Oxides of Nitrogen,2026-03-08T08:00:00-06:00,53.6824,-112.8681
,Fort Saskatchewan,Total Hydrocarbons,2026-03-08T08:00:00-06:00,53.698756,-113.222831
,Fort Saskatchewan,Total Oxides of Nitrogen,2026-03-08T08:00:00-06:00,53.698756,-113.222831
,Fort Saskatchewan,Outdoor Temperature,2026-03-08T08:00:00-06:00,53.698756,-113.222831
,Fort Saskatchewan,Relative Humidity,2026-03-08T08:00:00-06:00,53.698756,-113.222831
,Fort Saskatchewan,Wind Direction,2026-03-08T08:00:00-06:00,53.698756,-113.222831
,Fort Saskatchewan,Hydrogen Sulphide,2026-03-08T08:00:00-06:00,53.698756,-113.222831
,Fort Saskatchewan,Ammonia,2026-03-08T08:00:00-06:00,53.698756,-113.222831
,Fort Saskatchewan,Nitrogen Dioxide,2026-03-08T08:00:00-06:00,53.698756,-113.222831
,Fort Saskatchewan,Sulphur Dioxide,2026-03-08T08:00:00-06:00,53.698756,-113.222831
,Fort Saskatchewan,Ozone,2026-03-08T08:00:00-06:00,53.698756,-113.222831
,Fort Saskatchewan,Nitric Oxide,2026-03-08T08:00:00-06:00,53.698756,-113.222831
,Fort Saskatchewan,Carbon Monoxide,2026-03-08T08:00:00-06:00,53.698756,-113.222831
,Fort Saskatchewan,Methane,2026-03-08T08:00:00-06:00,53.698756,-113.222831
,Fort Saskatchewan,Wind Speed,2026-03-08T08:00:00-06:00,53.698756,-113.222831
,Fort Saskatchewan,Non-methane Hydrocarbons,2026-03-08T08:00:00-06:00,53.698756,-113.222831
,Fort Saskatchewan,Fine Particulate Matter,2026-03-08T08:00:00-06:00,53.698756,-113.222831
,Fort Saskatchewan,,2026-03-08T08:00:00-06:00,53.698756,-113.222831
,Ross Creek,Relative Humidity,2026-03-08T08:00:00-06:00,53.7162,-113.1999
,Ross Creek,Nitric Oxide,2026-03-08T08:00:00-06:00,53.7162,-113.1999
,Ross Creek,Wind Speed,2026-03-08T08:00:00-06:00,53.7162,-113.1999
,Ross Creek,Solar Radiation,2026-03-08T08:00:00-06:00,53.7162,-113.1999
,Ross Creek,Barometric Pressure,2026-03-08T08:00:00-06:00,53.7162,-113.1999
,Ross Creek,Outdoor Temperature,2026-03-08T08:00:00-06:00,53.7162,-113.1999
,Ross Creek,Wind Direction,2026-03-08T08:00:00-06:00,53.7162,-113.1999
,Ross Creek,Ethylene,2026-03-08T08:00:00-06:00,53.7162,-113.1999
,Ross Creek,Ammonia,2026-03-08T08:00:00-06:00,53.7162,-113.1999
,Ross Creek,Total Oxides of Nitrogen,2026-03-08T08:00:00-06:00,53.7162,-113.1999
,Ross Creek,Nitrogen Dioxide,2026-03-08T08:00:00-06:00,53.7162,-113.1999
,Ross Creek,Sulphur Dioxide,2026-03-08T08:00:00-06:00,53.7162,-113.1999
,Range Road 220,Ethylene,2026-03-08T08:00:00-06:00,53.7524,-113.1259
,Range Road 220,Wind Direction,2026-03-08T08:00:00-06:00,53.7524,-113.1259
,Range Road 220,Relative Humidity,2026-03-08T08:00:00-06:00,53.7524,-113.1259
,Range Road 220,Total Hydrocarbons,2026-03-08T08:00:00-06:00,53.7524,-113.1259
,Range Road 220,Nitric Oxide,2026-03-08T08:00:00-06:00,53.7524,-113.1259
,Range Road 220,Nitrogen Dioxide,2026-03-08T08:00:00-06:00,53.7524,-113.1259
,Range Road 220,Wind Speed,2026-03-08T08:00:00-06:00,53.7524,-113.1259
,Range Road 220,Methane,2026-03-08T08:00:00-06:00,53.7524,-113.1259
,Range Road 220,Ammonia,2026-03-08T08:00:00-06:00,53.7524,-113.1259
,Range Road 220,Sulphur Dioxide,2026-03-08T08:00:00-06:00,53.7524,-113.1259
,Range Road 220,Total Oxides of Nitrogen,2026-03-08T08:00:00-06:00,53.7524,-113.1259
,Range Road 220,Non-methane Hydrocarbons,2026-03-08T08:00:00-06:00,53.7524,-113.1259
,Range Road 220,Outdoor Temperature,2026-03-08T08:00:00-06:00,53.7524,-113.1259
,Cold Lake South,Fine Particulate Matter,2026-03-08T08:00:00-06:00,54.4138811,-110.2330575
,Cold Lake South,Total Reduced Sulphur,2026-03-08T08:00:00-06:00,54.4138811,-110.2330575
,Cold Lake South,Relative Humidity,2026-03-08T08:00:00-06:00,54.4138811,-110.2330575
,Cold Lake South,Nitrogen Dioxide,2026-03-08T08:00:00-06:00,54.4138811,-110.2330575
,Cold Lake South,Total Oxides of Nitrogen,2026-03-08T08:00:00-06:00,54.4138811,-110.2330575
,Cold Lake South,Sulphur Dioxide,2026-03-08T08:00:00-06:00,54.4138811,-110.2330575
,Cold Lake South,,2026-03-08T08:00:00-06:00,54.4138811,-110.2330575
,Cold Lake South,Wind Direction,2026-03-08T08:00:00-06:00,54.4138811,-110.2330575
,Cold Lake South,Outdoor Temperature,2026-03-08T08:00:00-06:00,54.4138811,-110.2330575
,Cold Lake South,Ozone,2026-03-08T08:00:00-06:00,54.4138811,-110.2330575
,Cold Lake South,Wind Speed,2026-03-08T08:00:00-06:00,54.4138811,-110.2330575
,Cold Lake South,Nitric Oxide,2026-03-08T08:00:00-06:00,54.4138811,-110.2330575
,Cold Lake South,Total Hydrocarbons,2026-03-08T08:00:00-06:00,54.4138811,-110.2330575
,Caroline,Nitrogen Dioxide,2026-03-08T08:00:00-06:00,51.95,-114.7
,Caroline,Total Hydrocarbons,2026-03-08T08:00:00-06:00,51.95,-114.7
,Caroline,Ozone,2026-03-08T08:00:00-06:00,51.95,-114.7
,Caroline,Total Oxides of Nitrogen,2026-03-08T08:00:00-06:00,51.95,-114.7
,Caroline,Total Reduced Sulphur,2026-03-08T08:00:00-06:00,51.95,-114.7
,Caroline,Fine Particulate Matter,2026-03-08T08:00:00-06:00,51.95,-114.7
,Caroline,Outdoor Temperature,2026-03-08T08:00:00-06:00,51.95,-114.7
,Caroline,Wind Direction,2026-03-08T08:00:00-06:00,51.95,-114.7
,Caroline,Nitric Oxide,2026-03-08T08:00:00-06:00,51.95,-114.7
,Caroline,Relative Humidity,2026-03-08T08:00:00-06:00,51.95,-114.7
,Caroline,Wind Speed,2026-03-08T08:00:00-06:00,51.95,-114.7
,Caroline,Sulphur Dioxide,2026-03-08T08:00:00-06:00,51.95,-114.7
2.0,Caroline,,2026-03-08T08:00:00-06:00,51.95,-114.7
2.0,Medicine Hat - Crescent Heights,,2026-03-08T08:00:00-06:00,50.0488873,-110.6811172
,Medicine Hat - Crescent Heights,Nitric Oxide,2026-03-08T08:00:00-06:00,50.0488873,-110.6811172
,Medicine Hat - Crescent Heights,Relative Humidity,2026-03-08T08:00:00-06:00,50.0488873,-110.6811172
,Medicine Hat - Crescent Heights,Outdoor Temperature,2026-03-08T08:00:00-06:00,50.0488873,-110.6811172
,Medicine Hat - Crescent Heights,Nitrogen Dioxide,2026-03-08T08:00:00-06:00,50.0488873,-110.6811172
,Medicine Hat - Crescent Heights,Sulphur Dioxide,2026-03-08T08:00:00-06:00,50.0488873,-110.6811172
,Medicine Hat - Crescent Heights,Total Oxides of Nitrogen,2026-03-08T08:00:00-06:00,50.0488873,-110.6811172
,Medicine Hat - Crescent Heights,Solar Radiation,2026-03-08T08:00:00-06:00,50.0488873,-110.6811172
,Medicine Hat - Crescent Heights,Total Hydrocarbons,2026-03-08T08:00:00-06:00,50.0488873,-110.6811172
,Medicine Hat - Crescent Heights,Carbon Monoxide,2026-03-08T08:00:00-06:00,50.0488873,-110.6811172
,Medicine Hat - Crescent Heights,Wind Speed,2026-03-08T08:00:00-06:00,50.0488873,-110.6811172
,Medicine Hat - Crescent Heights,Fine Particulate Matter,2026-03-08T08:00:00-06:00,50.0488873,-110.6811172
,Medicine Hat - Crescent Heights,Wind Direction,2026-03-08T08:00:00-06:00,50.0488873,-110.6811172
,Medicine Hat - Crescent Heights,Ozone,2026-03-08T08:00:00-06:00,50.0488873,-110.6811172
,Grande Prairie - Henry Pirker,Fine Particulate Matter,2026-03-08T08:00:00-06:00,55.1766364,-118.8077555
,Grande Prairie - Henry Pirker,Total Reduced Sulphur,2026-03-08T08:00:00-06:00,55.1766364,-118.8077555
,Grande Prairie - Henry Pirker,Carbon Monoxide,2026-03-08T08:00:00-06:00,55.1766364,-118.8077555
,Grande Prairie - Henry Pirker,Relative Humidity,2026-03-08T08:00:00-06:00,55.1766364,-118.8077555
,Grande Prairie - Henry Pirker,Total Hydrocarbons,2026-03-08T08:00:00-06:00,55.1766364,-118.8077555
,Grande Prairie - Henry Pirker,Outdoor Temperature,2026-03-08T08:00:00-06:00,55.1766364,-118.8077555
3.0,Grande Prairie - Henry Pirker,,2026-03-08T08:00:00-06:00,55.1766364,-118.8077555
,Grande Prairie - Henry Pirker,Wind Direction,2026-03-08T08:00:00-06:00,55.1766364,-118.8077555
,Grande Prairie - Henry Pirker,Nitric Oxide,2026-03-08T08:00:00-06:00,55.1766364,-118.8077555
,Grande Prairie - Henry Pirker,Nitrogen Dioxide,2026-03-08T08:00:00-06:00,55.1766364,-118.8077555
,Grande Prairie - Henry Pirker,Sulphur Dioxide,2026-03-08T08:00:00-06:00,55.1766364,-118.8077555
,Grande Prairie - Henry Pirker,Total Oxides of Nitrogen,2026-03-08T08:00:00-06:00,55.1766364,-118.8077555
,Grande Prairie - Henry Pirker,Wind Speed,2026-03-08T08:00:00-06:00,55.1766364,-118.8077555
,Grande Prairie - Henry Pirker,Ozone,2026-03-08T08:00:00-06:00,55.1766364,-118.8077555
,Smoky Heights,Fine Particulate Matter,2026-03-08T08:00:00-06:00,55.405,-118.275
,Smoky Heights,Total Reduced Sulphur,2026-03-08T08:00:00-06:00,55.405,-118.275
,Smoky Heights,Sulphur Dioxide,2026-03-08T08:00:00-06:00,55.405,-118.275
,Smoky Heights,Wind Direction,2026-03-08T08:00:00-06:00,55.405,-118.275
,Smoky Heights,Outdoor Temperature,2026-03-08T08:00:00-06:00,55.405,-118.275
,Smoky Heights,Wind Speed,2026-03-08T08:00:00-06:00,55.405,-118.275
,Beaverlodge,Nitric Oxide,2026-03-08T08:00:00-06:00,55.1963,-119.3968
,Beaverlodge,Sulphur Dioxide,2026-03-08T08:00:00-06:00,55.1963,-119.3968
,Beaverlodge,Fine Particulate Matter,2026-03-08T08:00:00-06:00,55.1963,-119.3968
,Beaverlodge,Wind Speed,2026-03-08T08:00:00-06:00,55.1963,-119.3968
,Beaverlodge,Total Oxides of Nitrogen,2026-03-08T08:00:00-06:00,55.1963,-119.3968
,Beaverlodge,Ozone,2026-03-08T08:00:00-06:00,55.1963,-119.3968
,Beaverlodge,Outdoor Temperature,2026-03-08T08:00:00-06:00,55.1963,-119.3968
,Beaverlodge,Wind Direction,2026-03-08T08:00:00-06:00,55.1963,-119.3968
,Beaverlodge,,2026-03-08T08:00:00-06:00,55.1963,-119.3968
,Beaverlodge,Nitrogen Dioxide,2026-03-08T08:00:00-06:00,55.1963,-119.3968
,Beaverlodge,Relative Humidity,2026-03-08T08:00:00-06:00,55.1963,-119.3968
,Carrot Creek,Nitrogen Dioxide,2026-03-08T08:00:00-06:00,53.6210616,-115.8691549
,Carrot Creek,Sulphur Dioxide,2026-03-08T08:00:00-06:00,53.6210616,-115.8691549
,Carrot Creek,Nitric Oxide,2026-03-08T08:00:00-06:00,53.6210616,-115.8691549
,Carrot Creek,Ozone,2026-03-08T08:00:00-06:00,53.6210616,-115.8691549
,Carrot Creek,Total Oxides of Nitrogen,2026-03-08T08:00:00-06:00,53.6210616,-115.8691549
,Carrot Creek,Wind Speed,2026-03-08T08:00:00-06:00,53.6210616,-115.8691549
,Carrot Creek,Outdoor Temperature,2026-03-08T08:00:00-06:00,53.6210616,-115.8691549
,Carrot Creek,Wind Direction,2026-03-08T08:00:00-06:00,53.6210616,-115.8691549
,Carrot Creek,Relative Humidity,2026-03-08T08:00:00-06:00,53.6210616,-115.8691549
,Hinton-Drinnan,Total Reduced Sulphur,2026-03-08T08:00:00-06:00,53.4273011,-117.544067
,Hinton-Drinnan,Nitric Oxide,2026-03-08T08:00:00-06:00,53.4273011,-117.544067
,Hinton-Drinnan,Hydrogen Sulphide,2026-03-08T08:00:00-06:00,53.4273011,-117.544067
,Hinton-Drinnan,Nitrogen Dioxide,2026-03-08T08:00:00-06:00,53.4273011,-117.544067
,Hinton-Drinnan,Sulphur Dioxide,2026-03-08T08:00:00-06:00,53.4273011,-117.544067
,Hinton-Drinnan,Outdoor Temperature,2026-03-08T08:00:00-06:00,53.4273011,-117.544067
,Hinton-Drinnan,Ozone,2026-03-08T08:00:00-06:00,53.4273011,-117.544067
,Hinton-Drinnan,Total Oxides of Nitrogen,2026-03-08T08:00:00-06:00,53.4273011,-117.544067
,Hinton-Drinnan,Wind Direction,2026-03-08T08:00:00-06:00,53.4273011,-117.544067
,Hinton-Drinnan,Relative Humidity,2026-03-08T08:00:00-06:00,53.4273011,-117.544067
2.0,Hinton-Drinnan,,2026-03-08T08:00:00-06:00,53.4273011,-117.544067
,Hinton-Drinnan,Wind Speed,2026-03-08T08:00:00-06:00,53.4273011,-117.544067
,Hinton-Drinnan,Fine Particulate Matter,2026-03-08T08:00:00-06:00,53.4273011,-117.544067
,Genesee,Total Oxides of Nitrogen,2026-03-08T08:00:00-06:00,53.306507,-114.200347
,Genesee,Sulphur Dioxide,2026-03-08T08:00:00-06:00,53.306507,-114.200347
,Genesee,Relative Humidity,2026-03-08T08:00:00-06:00,53.306507,-114.200347
2.0,Genesee,,2026-03-08T08:00:00-06:00,53.306507,-114.200347
,Genesee,Wind Direction,2026-03-08T08:00:00-06:00,53.306507,-114.200347
,Genesee,Outdoor Temperature,2026-03-08T08:00:00-06:00,53.306507,-114.200347
,Genesee,Fine Particulate Matter,2026-03-08T08:00:00-06:00,53.306507,-114.200347
,Genesee,Ozone,2026-03-08T08:00:00-06:00,53.306507,-114.200347
,Genesee,Nitrogen Dioxide,2026-03-08T08:00:00-06:00,53.306507,-114.200347
,Genesee,Wind Speed,2026-03-08T08:00:00-06:00,53.306507,-114.200347
,Genesee,Nitric Oxide,2026-03-08T08:00:00-06:00,53.306507,-114.200347
,Meadows,Nitrogen Dioxide,2026-03-08T08:00:00-06:00,53.5299999,-114.6361
,Meadows,Total Oxides of Nitrogen,2026-03-08T08:00:00-06:00,53.5299999,-114.6361
,Meadows,Relative Humidity,2026-03-08T08:00:00-06:00,53.5299999,-114.6361
,Meadows,Sulphur Dioxide,2026-03-08T08:00:00-06:00,53.5299999,-114.6361
,Meadows,Wind Speed,2026-03-08T08:00:00-06:00,53.5299999,-114.6361
,Meadows,Wind Direction,2026-03-08T08:00:00-06:00,53.5299999,-114.6361
,Meadows,Nitric Oxide,2026-03-08T08:00:00-06:00,53.5299999,-114.6361
,Meadows,Outdoor Temperature,2026-03-08T08:00:00-06:00,53.5299999,-114.6361
,Powers,Wind Direction,2026-03-08T08:00:00-06:00,53.633,-114.4199
,Powers,Total Oxides of Nitrogen,2026-03-08T08:00:00-06:00,53.633,-114.4199
,Powers,Wind Speed,2026-03-08T08:00:00-06:00,53.633,-114.4199
,Powers,Nitric Oxide,2026-03-08T08:00:00-06:00,53.633,-114.4199
,Powers,Sulphur Dioxide,2026-03-08T08:00:00-06:00,53.633,-114.4199
,Powers,Relative Humidity,2026-03-08T08:00:00-06:00,53.633,-114.4199
,Powers,Nitrogen Dioxide,2026-03-08T08:00:00-06:00,53.633,-114.4199
,Powers,Outdoor Temperature,2026-03-08T08:00:00-06:00,53.633,-114.4199
,Powers,Fine Particulate Matter,2026-03-08T08:00:00-06:00,53.633,-114.4199
,Fort McMurray Athabasca Valley,Total Oxides of Nitrogen,2026-03-08T08:00:00-06:00,56.7328,-111.3902
,Fort McMurray Athabasca Valley,Outdoor Temperature,2026-03-08T08:00:00-06:00,56.7328,-111.3902
,Fort McMurray Athabasca Valley,Nitrogen Dioxide,2026-03-08T08:00:00-06:00,56.7328,-111.3902
,Fort McMurray Athabasca Valley,Relative Humidity,2026-03-08T08:00:00-06:00,56.7328,-111.3902
,Fort McMurray Athabasca Valley,Wind Speed,2026-03-08T08:00:00-06:00,56.7328,-111.3902
1.0,Fort McMurray Athabasca Valley,,2026-03-08T08:00:00-06:00,56.7328,-111.3902
,Fort McMurray Athabasca Valley,Non-methane Hydrocarbons,2026-03-08T08:00:00-06:00,56.7328,-111.3902
,Fort McMurray Athabasca Valley,Nitric Oxide,2026-03-08T08:00:00-06:00,56.7328,-111.3902
,Fort McMurray Athabasca Valley,Fine Particulate Matter,2026-03-08T08:00:00-06:00,56.7328,-111.3902
,Fort McMurray Athabasca Valley,Wind Direction,2026-03-08T08:00:00-06:00,56.7328,-111.3902
,Fort McMurray Athabasca Valley,Total Reduced Sulphur,2026-03-08T08:00:00-06:00,56.7328,-111.3902
,Fort McMurray Athabasca Valley,Sulphur Dioxide,2026-03-08T08:00:00-06:00,56.7328,-111.3902
,Fort McMurray Athabasca Valley,Total Hydrocarbons,2026-03-08T08:00:00-06:00,56.7328,-111.3902
,Fort McMurray Athabasca Valley,Ozone,2026-03-08T08:00:00-06:00,56.7328,-111.3902
,Fort McMurray Athabasca Valley,Carbon Monoxide,2026-03-08T08:00:00-06:00,56.7328,-111.3902
,Fort McKay,Total Oxides of Nitrogen,2026-03-08T08:00:00-06:00,57.189406,-111.640504
,Fort McKay,Outdoor Temperature,2026-03-08T08:00:00-06:00,57.189406,-111.640504
,Fort McKay,Ozone,2026-03-08T08:00:00-06:00,57.189406,-111.640504
,Fort McKay,Solar Radiation,2026-03-08T08:00:00-06:00,57.189406,-111.640504
,Fort McKay,Hydrogen Sulphide,2026-03-08T08:00:00-06:00,57.189406,-111.640504
,Fort McKay,Nitric Oxide,2026-03-08T08:00:00-06:00,57.189406,-111.640504
,Fort McKay,Fine Particulate Matter,2026-03-08T08:00:00-06:00,57.189406,-111.640504
,Fort McKay,,2026-03-08T08:00:00-06:00,57.189406,-111.640504
,Fort McKay,Wind Speed,2026-03-08T08:00:00-06:00,57.189406,-111.640504
,Fort McKay,Methane,2026-03-08T08:00:00-06:00,57.189406,-111.640504
,Fort McKay,Total Hydrocarbons,2026-03-08T08:00:00-06:00,57.189406,-111.640504
,Fort McKay,Non-methane Hydrocarbons,2026-03-08T08:00:00-06:00,57.189406,-111.640504
,Fort McKay,Total Reduced Sulphur,2026-03-08T08:00:00-06:00,57.189406,-111.640504
,Fort McKay,Wind Direction,2026-03-08T08:00:00-06:00,57.189406,-111.640504
,Fort McKay,Relative Humidity,2026-03-08T08:00:00-06:00,57.189406,-111.640504
,Fort McKay,Ammonia,2026-03-08T08:00:00-06:00,57.189406,-111.640504
,Fort McKay,Nitrogen Dioxide,2026-03-08T08:00:00-06:00,57.189406,-111.640504
,Fort McKay,Sulphur Dioxide,2026-03-08T08:00:00-06:00,57.189406,-111.640504
,Mildred Lake,Outdoor Temperature,2026-03-08T08:00:00-06:00,57.05,-111.5631
,Mildred Lake,Total Hydrocarbons,2026-03-08T08:00:00-06:00,57.05,-111.5631
,Mildred Lake,Relative Humidity,2026-03-08T08:00:00-06:00,57.05,-111.5631
,Mildred Lake,Wind Speed,2026-03-08T08:00:00-06:00,57.05,-111.5631
,Mildred Lake,Sulphur Dioxide,2026-03-08T08:00:00-06:00,57.05,-111.5631
,Mildred Lake,Wind Direction,2026-03-08T08:00:00-06:00,57.05,-111.5631
,Mildred Lake,Hydrogen Sulphide,2026-03-08T08:00:00-06:00,57.05,-111.5631
,Buffalo Viewpoint,Sulphur Dioxide,2026-03-08T08:00:00-06:00,56.9967,-111.5926
,Buffalo Viewpoint,Outdoor Temperature,2026-03-08T08:00:00-06:00,56.9967,-111.5926
,Buffalo Viewpoint,Wind Direction,2026-03-08T08:00:00-06:00,56.9967,-111.5926
,Buffalo Viewpoint,Wind Speed,2026-03-08T08:00:00-06:00,56.9967,-111.5926
,Buffalo Viewpoint,Relative Humidity,2026-03-08T08:00:00-06:00,56.9967,-111.5926
,Buffalo Viewpoint,Fine Particulate Matter,2026-03-08T08:00:00-06:00,56.9967,-111.5926
,Buffalo Viewpoint,Total Hydrocarbons,2026-03-08T08:00:00-06:00,56.9967,-111.5926
,Buffalo Viewpoint,Hydrogen Sulphide,2026-03-08T08:00:00-06:00,56.9967,-111.5926
,Mannix,Wind Speed,2026-03-08T08:00:00-06:00,56.9688,-111.482
,Mannix,Total Hydrocarbons,2026-03-08T08:00:00-06:00,56.9688,-111.482
,Mannix,Wind Direction,2026-03-08T08:00:00-06:00,56.9688,-111.482
,Mannix,Hydrogen Sulphide,2026-03-08T08:00:00-06:00,56.9688,-111.482
,Mannix,Sulphur Dioxide,2026-03-08T08:00:00-06:00,56.9688,-111.482
,Mannix,Relative Humidity,2026-03-08T08:00:00-06:00,56.9688,-111.482
,Mannix,Outdoor Temperature,2026-03-08T08:00:00-06:00,56.9688,-111.482
,Fort McMurray Patricia McInnes,Ozone,2026-03-08T08:00:00-06:00,56.751386,-111.476596
,Fort McMurray Patricia McInnes,Sulphur Dioxide,2026-03-08T08:00:00-06:00,56.751386,-111.476596
,Fort McMurray Patricia McInnes,Outdoor Temperature,2026-03-08T08:00:00-06:00,56.751386,-111.476596
,Fort McMurray Patricia McInnes,Nitric Oxide,2026-03-08T08:00:00-06:00,56.751386,-111.476596
,Fort McMurray Patricia McInnes,Ammonia,2026-03-08T08:00:00-06:00,56.751386,-111.476596
,Fort McMurray Patricia McInnes,Fine Particulate Matter,2026-03-08T08:00:00-06:00,56.751386,-111.476596
,Fort McMurray Patricia McInnes,Total Reduced Sulphur,2026-03-08T08:00:00-06:00,56.751386,-111.476596
,Fort McMurray Patricia McInnes,Wind Speed,2026-03-08T08:00:00-06:00,56.751386,-111.476596
,Fort McMurray Patricia McInnes,,2026-03-08T08:00:00-06:00,56.751386,-111.476596
,Fort McMurray Patricia McInnes,Relative Humidity,2026-03-08T08:00:00-06:00,56.751386,-111.476596
,Fort McMurray Patricia McInnes,Wind Direction,2026-03-08T08:00:00-06:00,56.751386,-111.476596
,Fort McMurray Patricia McInnes,Total Hydrocarbons,2026-03-08T08:00:00-06:00,56.751386,-111.476596
,Fort McMurray Patricia McInnes,Nitrogen Dioxide,2026-03-08T08:00:00-06:00,56.751386,-111.476596
,Fort McMurray Patricia McInnes,Total Oxides of Nitrogen,2026-03-08T08:00:00-06:00,56.751386,-111.476596
,Fort Chipewyan,Total Oxides of Nitrogen,2026-03-08T08:00:00-06:00,58.7084,-111.1764
,Fort Chipewyan,Fine Particulate Matter,2026-03-08T08:00:00-06:00,58.7084,-111.1764
,Fort Chipewyan,Solar Radiation,2026-03-08T08:00:00-06:00,58.7084,-111.1764
,Fort Chipewyan,Sulphur Dioxide,2026-03-08T08:00:00-06:00,58.7084,-111.1764
,Fort Chipewyan,Wind Direction,2026-03-08T08:00:00-06:00,58.7084,-111.1764
,Fort Chipewyan,Outdoor Temperature,2026-03-08T08:00:00-06:00,58.7084,-111.1764
,Fort Chipewyan,Ozone,2026-03-08T08:00:00-06:00,58.7084,-111.1764
,Fort Chipewyan,Nitrogen Dioxide,2026-03-08T08:00:00-06:00,58.7084,-111.1764
,Fort Chipewyan,Relative Humidity,2026-03-08T08:00:00-06:00,58.7084,-111.1764
,Fort Chipewyan,Wind Speed,2026-03-08T08:00:00-06:00,58.7084,-111.1764
,Fort Chipewyan,Nitric Oxide,2026-03-08T08:00:00-06:00,58.7084,-111.1764
1.0,Fort Chipewyan,,2026-03-08T08:00:00-06:00,58.7084,-111.1764
,Barge Landing,Total Hydrocarbons,2026-03-08T08:00:00-06:00,57.1982,-111.5996
,Barge Landing,Wind Direction,2026-03-08T08:00:00-06:00,57.1982,-111.5996
,Barge Landing,Outdoor Temperature,2026-03-08T08:00:00-06:00,57.1982,-111.5996
,Barge Landing,Relative Humidity,2026-03-08T08:00:00-06:00,57.1982,-111.5996
,Barge Landing,Sulphur Dioxide,2026-03-08T08:00:00-06:00,57.1982,-111.5996
,Barge Landing,Total Reduced Sulphur,2026-03-08T08:00:00-06:00,57.1982,-111.5996
,Barge Landing,Wind Speed,2026-03-08T08:00:00-06:00,57.1982,-111.5996
,Lower Camp,Wind Speed,2026-03-08T08:00:00-06:00,57.026869,-111.5007492
,Lower Camp,Sulphur Dioxide,2026-03-08T08:00:00-06:00,57.026869,-111.5007492
,Lower Camp,Total Hydrocarbons,2026-03-08T08:00:00-06:00,57.026869,-111.5007492
,Lower Camp,Relative Humidity,2026-03-08T08:00:00-06:00,57.026869,-111.5007492
,Lower Camp,Wind Direction,2026-03-08T08:00:00-06:00,57.026869,-111.5007492
,Lower Camp,Hydrogen Sulphide,2026-03-08T08:00:00-06:00,57.026869,-111.5007492
,Lower Camp,Outdoor Temperature,2026-03-08T08:00:00-06:00,57.026869,-111.5007492
,Fort McKay South,Wind Direction,2026-03-08T08:00:00-06:00,57.1492,-111.6424
,Fort McKay South,Total Reduced Sulphur,2026-03-08T08:00:00-06:00,57.1492,-111.6424
,Fort McKay South,Total Oxides of Nitrogen,2026-03-08T08:00:00-06:00,57.1492,-111.6424
,Fort McKay South,Nitrogen Dioxide,2026-03-08T08:00:00-06:00,57.1492,-111.6424
,Fort McKay South,Wind Speed,2026-03-08T08:00:00-06:00,57.1492,-111.6424
,Fort McKay South,,2026-03-08T08:00:00-06:00,57.1492,-111.6424
,Fort McKay South,Relative Humidity,2026-03-08T08:00:00-06:00,57.1492,-111.6424
,Fort McKay South,Nitric Oxide,2026-03-08T08:00:00-06:00,57.1492,-111.6424
,Fort McKay South,Ozone,2026-03-08T08:00:00-06:00,57.1492,-111.6424
,Fort McKay South,Outdoor Temperature,2026-03-08T08:00:00-06:00,57.1492,-111.6424
,Fort McKay South,Sulphur Dioxide,2026-03-08T08:00:00-06:00,57.1492,-111.6424
,Fort McKay South,Fine Particulate Matter,2026-03-08T08:00:00-06:00,57.1492,-111.6424
,Fort McKay South,Total Hydrocarbons,2026-03-08T08:00:00-06:00,57.1492,-111.6424
2.0,Red Deer - Riverside,,2026-03-08T08:00:00-06:00,52.298622,-113.793438
,Red Deer - Riverside,Relative Humidity,2026-03-08T08:00:00-06:00,52.298622,-113.793438
,Red Deer - Riverside,Hydrogen Sulphide,2026-03-08T08:00:00-06:00,52.298622,-113.793438
,Red Deer - Riverside,Total Hydrocarbons,2026-03-08T08:00:00-06:00,52.298622,-113.793438
,Red Deer - Riverside,Methane,2026-03-08T08:00:00-06:00,52.298622,-113.793438
,Red Deer - Riverside,Sulphur Dioxide,2026-03-08T08:00:00-06:00,52.298622,-113.793438
,Red Deer - Riverside,Wind Speed,2026-03-08T08:00:00-06:00,52.298622,-113.793438
,Red Deer - Riverside,Ozone,2026-03-08T08:00:00-06:00,52.298622,-113.793438
,Red Deer - Riverside,Fine Particulate Matter,2026-03-08T08:00:00-06:00,52.298622,-113.793438
,Red Deer - Riverside,Carbon Monoxide,2026-03-08T08:00:00-06:00,52.298622,-113.793438
,Red Deer - Riverside,Wind Direction,2026-03-08T08:00:00-06:00,52.298622,-113.793438
,Red Deer - Riverside,Outdoor Temperature,2026-03-08T08:00:00-06:00,52.298622,-113.793438
,Red Deer - Riverside,Nitrogen Dioxide,2026-03-08T08:00:00-06:00,52.298622,-113.793438
,Red Deer - Riverside,Total Oxides of Nitrogen,2026-03-08T08:00:00-06:00,52.298622,-113.793438
,Red Deer - Riverside,Nitric Oxide,2026-03-08T08:00:00-06:00,52.298622,-113.793438
,Red Deer - Riverside,Non-methane Hydrocarbons,2026-03-08T08:00:00-06:00,52.298622,-113.793438
,Wagner2,Outdoor Temperature,2026-03-08T08:00:00-06:00,53.429444,-114.380556
,Wagner2,Wind Direction,2026-03-08T08:00:00-06:00,53.429444,-114.380556
,Wagner2,Sulphur Dioxide,2026-03-08T08:00:00-06:00,53.429444,-114.380556
,Wagner2,Nitric Oxide,2026-03-08T08:00:00-06:00,53.429444,-114.380556
,Wagner2,Total Oxides of Nitrogen,2026-03-08T08:00:00-06:00,53.429444,-114.380556
,Wagner2,Nitrogen Dioxide,2026-03-08T08:00:00-06:00,53.429444,-114.380556
,Wagner2,Wind Speed,2026-03-08T08:00:00-06:00,53.429444,-114.380556
,Wagner2,Relative Humidity,2026-03-08T08:00:00-06:00,53.429444,-114.380556
,Bruderheim,Outdoor Temperature,2026-03-08T08:00:00-06:00,53.80012,-112.9278
,Bruderheim,Relative Humidity,2026-03-08T08:00:00-06:00,53.80012,-112.9278
,Bruderheim,Total Hydrocarbons,2026-03-08T08:00:00-06:00,53.80012,-112.9278
,Bruderheim,Wind Direction,2026-03-08T08:00:00-06:00,53.80012,-112.9278
,Bruderheim,Total Oxides of Nitrogen,2026-03-08T08:00:00-06:00,53.80012,-112.9278
,Bruderheim,Sulphur Dioxide,2026-03-08T08:00:00-06:00,53.80012,-112.9278
,Bruderheim,Methane,2026-03-08T08:00:00-06:00,53.80012,-112.9278
2.0,Bruderheim,,2026-03-08T08:00:00-06:00,53.80012,-112.9278
,Bruderheim,Nitrogen Dioxide,2026-03-08T08:00:00-06:00,53.80012,-112.9278
,Bruderheim,Wind Speed,2026-03-08T08:00:00-06:00,53.80012,-112.9278
,Bruderheim,Ozone,2026-03-08T08:00:00-06:00,53.80012,-112.9278
,Bruderheim,Nitric Oxide,2026-03-08T08:00:00-06:00,53.80012,-112.9278
,Bruderheim,Non-methane Hydrocarbons,2026-03-08T08:00:00-06:00,53.80012,-112.9278
,Bruderheim,Fine Particulate Matter,2026-03-08T08:00:00-06:00,53.80012,-112.9278
,Drayton Valley,Wind Direction,2026-03-08T08:00:00-06:00,53.220056,-114.983408
,Drayton Valley,Sulphur Dioxide,2026-03-08T08:00:00-06:00,53.220056,-114.983408
,Drayton Valley,Relative Humidity,2026-03-08T08:00:00-06:00,53.220056,-114.983408
,Drayton Valley,Nitrogen Dioxide,2026-03-08T08:00:00-06:00,53.220056,-114.983408
2.0,Drayton Valley,,2026-03-08T08:00:00-06:00,53.220056,-114.983408
,Drayton Valley,Fine Particulate Matter,2026-03-08T08:00:00-06:00,53.220056,-114.983408
,Drayton Valley,Nitric Oxide,2026-03-08T08:00:00-06:00,53.220056,-114.983408
,Drayton Valley,Total Oxides of Nitrogen,2026-03-08T08:00:00-06:00,53.220056,-114.983408
,Drayton Valley,Ozone,2026-03-08T08:00:00-06:00,53.220056,-114.983408
,Drayton Valley,Outdoor Temperature,2026-03-08T08:00:00-06:00,53.220056,-114.983408
,Drayton Valley,Wind Speed,2026-03-08T08:00:00-06:00,53.220056,-114.983408
,Edson,Wind Speed,2026-03-08T08:00:00-06:00,53.593611,-116.392778
,Edson,Sulphur Dioxide,2026-03-08T08:00:00-06:00,53.593611,-116.392778
2.0,Edson,,2026-03-08T08:00:00-06:00,53.593611,-116.392778
,Edson,Nitric Oxide,2026-03-08T08:00:00-06:00,53.593611,-116.392778
,Edson,Fine Particulate Matter,2026-03-08T08:00:00-06:00,53.593611,-116.392778
,Edson,Nitrogen Dioxide,2026-03-08T08:00:00-06:00,53.593611,-116.392778
,Edson,Wind Direction,2026-03-08T08:00:00-06:00,53.593611,-116.392778
,Edson,Relative Humidity,2026-03-08T08:00:00-06:00,53.593611,-116.392778
,Edson,Total Oxides of Nitrogen,2026-03-08T08:00:00-06:00,53.593611,-116.392778
,Edson,Ozone,2026-03-08T08:00:00-06:00,53.593611,-116.392778
,Edson,Outdoor Temperature,2026-03-08T08:00:00-06:00,53.593611,-116.392778
,Breton,Wind Direction,2026-03-08T08:00:00-06:00,53.090278,-114.460556
,Breton,Wind Speed,2026-03-08T08:00:00-06:00,53.090278,-114.460556
,Breton,Nitric Oxide,2026-03-08T08:00:00-06:00,53.090278,-114.460556
,Breton,Ozone,2026-03-08T08:00:00-06:00,53.090278,-114.460556
,Breton,Outdoor Temperature,2026-03-08T08:00:00-06:00,53.090278,-114.460556
,Breton,Nitrogen Dioxide,2026-03-08T08:00:00-06:00,53.090278,-114.460556
,Breton,Sulphur Dioxide,2026-03-08T08:00:00-06:00,53.090278,-114.460556
,Breton,Relative Humidity,2026-03-08T08:00:00-06:00,53.090278,-114.460556
,Breton,Total Oxides of Nitrogen,2026-03-08T08:00:00-06:00,53.090278,-114.460556
,Steeper,Relative Humidity,2026-03-08T08:00:00-06:00,53.1325,-117.091111
,Steeper,Carbon Monoxide,2026-03-08T08:00:00-06:00,53.1325,-117.091111
,Steeper,Wind Direction,2026-03-08T08:00:00-06:00,53.1325,-117.091111
,Steeper,Ozone,2026-03-08T08:00:00-06:00,53.1325,-117.091111
,Steeper,Nitric Oxide,2026-03-08T08:00:00-06:00,53.1325,-117.091111
2.0,Steeper,,2026-03-08T08:00:00-06:00,53.1325,-117.091111
,Steeper,Outdoor Temperature,2026-03-08T08:00:00-06:00,53.1325,-117.091111
,Steeper,Wind Speed,2026-03-08T08:00:00-06:00,53.1325,-117.091111
,Steeper,Total Oxides of Nitrogen,2026-03-08T08:00:00-06:00,53.1325,-117.091111
,Steeper,Nitrogen Dioxide,2026-03-08T08:00:00-06:00,53.1325,-117.091111
,Steeper,Sulphur Dioxide,2026-03-08T08:00:00-06:00,53.1325,-117.091111
,Steeper,Fine Particulate Matter,2026-03-08T08:00:00-06:00,53.1325,-117.091111
,St. Lina,Wind Direction,2026-03-08T08:00:00-06:00,54.2165,-111.5026
,St. Lina,Total Hydrocarbons,2026-03-08T08:00:00-06:00,54.2165,-111.5026
,St. Lina,Sulphur Dioxide,2026-03-08T08:00:00-06:00,54.2165,-111.5026
2.0,St. Lina,,2026-03-08T08:00:00-06:00,54.2165,-111.5026
,St. Lina,Nitrogen Dioxide,2026-03-08T08:00:00-06:00,54.2165,-111.5026
,St. Lina,Wind Speed,2026-03-08T08:00:00-06:00,54.2165,-111.5026
,St. Lina,Total Oxides of Nitrogen,2026-03-08T08:00:00-06:00,54.2165,-111.5026
,St. Lina,Ozone,2026-03-08T08:00:00-06:00,54.2165,-111.5026
,St. Lina,Relative Humidity,2026-03-08T08:00:00-06:00,54.2165,-111.5026
,St. Lina,Fine Particulate Matter,2026-03-08T08:00:00-06:00,54.2165,-111.5026
,St. Lina,Outdoor Temperature,2026-03-08T08:00:00-06:00,54.2165,-111.5026
,St. Lina,Nitric Oxide,2026-03-08T08:00:00-06:00,54.2165,-111.5026
,St. Lina,Hydrogen Sulphide,2026-03-08T08:00:00-06:00,54.2165,-111.5026
,Anzac,Ozone,2026-03-08T08:00:00-06:00,56.448889,-111.038056
,Anzac,Outdoor Temperature,2026-03-08T08:00:00-06:00,56.448889,-111.038056
,Anzac,Sulphur Dioxide,2026-03-08T08:00:00-06:00,56.448889,-111.038056
1.0,Anzac,,2026-03-08T08:00:00-06:00,56.448889,-111.038056
,Anzac,Wind Direction,2026-03-08T08:00:00-06:00,56.448889,-111.038056
,Anzac,Total Reduced Sulphur,2026-03-08T08:00:00-06:00,56.448889,-111.038056
,Anzac,Total Oxides of Nitrogen,2026-03-08T08:00:00-06:00,56.448889,-111.038056
,Anzac,Wind Speed,2026-03-08T08:00:00-06:00,56.448889,-111.038056
,Anzac,Fine Particulate Matter,2026-03-08T08:00:00-06:00,56.448889,-111.038056
,Anzac,Relative Humidity,2026-03-08T08:00:00-06:00,56.448889,-111.038056
,Anzac,Nitrogen Dioxide,2026-03-08T08:00:00-06:00,56.448889,-111.038056
,Anzac,Nitric Oxide,2026-03-08T08:00:00-06:00,56.448889,-111.038056
,Anzac,Total Hydrocarbons,2026-03-08T08:00:00-06:00,56.448889,-111.038056
,Woodcroft,Wind Speed,2026-03-08T08:00:00-06:00,53.564411,-113.562583
,Woodcroft,Total Oxides of Nitrogen,2026-03-08T08:00:00-06:00,53.564411,-113.562583
,Woodcroft,Wind Direction,2026-03-08T08:00:00-06:00,53.564411,-113.562583
3.0,Woodcroft,,2026-03-08T08:00:00-06:00,53.564411,-113.562583
,Woodcroft,Sulphur Dioxide,2026-03-08T08:00:00-06:00,53.564411,-113.562583
,Woodcroft,Nitrogen Dioxide,2026-03-08T08:00:00-06:00,53.564411,-113.562583
,Woodcroft,Relative Humidity,2026-03-08T08:00:00-06:00,53.564411,-113.562583
,Woodcroft,Nitric Oxide,2026-03-08T08:00:00-06:00,53.564411,-113.562583
,Woodcroft,Outdoor Temperature,2026-03-08T08:00:00-06:00,53.564411,-113.562583
,Woodcroft,Fine Particulate Matter,2026-03-08T08:00:00-06:00,53.564411,-113.562583
,Woodcroft,Ozone,2026-03-08T08:00:00-06:00,53.564411,-113.562583
,Red Deer - Lancaster,Sulphur Dioxide,2026-03-08T08:00:00-06:00,52.24095,-113.765439
,Red Deer - Lancaster,Total Hydrocarbons,2026-03-08T08:00:00-06:00,52.24095,-113.765439
,Red Deer - Lancaster,Total Reduced Sulphur,2026-03-08T08:00:00-06:00,52.24095,-113.765439
,Red Deer - Lancaster,Wind Speed,2026-03-08T08:00:00-06:00,52.24095,-113.765439
,Red Deer - Lancaster,Nitric Oxide,2026-03-08T08:00:00-06:00,52.24095,-113.765439
,Red Deer - Lancaster,Ozone,2026-03-08T08:00:00-06:00,52.24095,-113.765439
2.0,Red Deer - Lancaster,,2026-03-08T08:00:00-06:00,52.24095,-113.765439
,Red Deer - Lancaster,Fine Particulate Matter,2026-03-08T08:00:00-06:00,52.24095,-113.765439
,Red Deer - Lancaster,Non-methane Hydrocarbons,2026-03-08T08:00:00-06:00,52.24095,-113.765439
,Red Deer - Lancaster,Nitrogen Dioxide,2026-03-08T08:00:00-06:00,52.24095,-113.765439
,Red Deer - Lancaster,Relative Humidity,2026-03-08T08:00:00-06:00,52.24095,-113.765439
,Red Deer - Lancaster,Total Oxides of Nitrogen,2026-03-08T08:00:00-06:00,52.24095,-113.765439
,Red Deer - Lancaster,Outdoor Temperature,2026-03-08T08:00:00-06:00,52.24095,-113.765439
,Red Deer - Lancaster,Methane,2026-03-08T08:00:00-06:00,52.24095,-113.765439
,Red Deer - Lancaster,Wind Direction,2026-03-08T08:00:00-06:00,52.24095,-113.765439
,Sherwood Park,Sulphur Dioxide,2026-03-08T08:00:00-06:00,53.53209,-113.32098
,Sherwood Park,Nitric Oxide,2026-03-08T08:00:00-06:00,53.53209,-113.32098
,Sherwood Park,Outdoor Temperature,2026-03-08T08:00:00-06:00,53.53209,-113.32098
3.0,Sherwood Park,,2026-03-08T08:00:00-06:00,53.53209,-113.32098
,Sherwood Park,Ozone,2026-03-08T08:00:00-06:00,53.53209,-113.32098
,Sherwood Park,Wind Direction,2026-03-08T08:00:00-06:00,53.53209,-113.32098
,Sherwood Park,Hydrogen Sulphide,2026-03-08T08:00:00-06:00,53.53209,-113.32098
,Sherwood Park,Wind Speed,2026-03-08T08:00:00-06:00,53.53209,-113.32098
,Sherwood Park,Total Oxides of Nitrogen,2026-03-08T08:00:00-06:00,53.53209,-113.32098
,Sherwood Park,Total Hydrocarbons,2026-03-08T08:00:00-06:00,53.53209,-113.32098
,Sherwood Park,Fine Particulate Matter,2026-03-08T08:00:00-06:00,53.53209,-113.32098
,Sherwood Park,Nitrogen Dioxide,2026-03-08T08:00:00-06:00,53.53209,-113.32098
,Reno - PRAMP,Total Hydrocarbons,2026-03-08T08:00:00-06:00,55.87,-117.057
,Reno - PRAMP,Non-methane Hydrocarbons,2026-03-08T08:00:00-06:00,55.87,-117.057
,Reno - PRAMP,Relative Humidity,2026-03-08T08:00:00-06:00,55.87,-117.057
,Reno - PRAMP,Methane,2026-03-08T08:00:00-06:00,55.87,-117.057
,Reno - PRAMP,Total Reduced Sulphur,2026-03-08T08:00:00-06:00,55.87,-117.057
,Reno - PRAMP,Wind Direction,2026-03-08T08:00:00-06:00,55.87,-117.057
,Reno - PRAMP,Outdoor Temperature,2026-03-08T08:00:00-06:00,55.87,-117.057
,Reno - PRAMP,Sulphur Dioxide,2026-03-08T08:00:00-06:00,55.87,-117.057
,Reno - PRAMP,Wind Speed,2026-03-08T08:00:00-06:00,55.87,-117.057
2.0,Ardrossan,,2026-03-08T08:00:00-06:00,53.554691,-113.144105
,Ardrossan,Sulphur Dioxide,2026-03-08T08:00:00-06:00,53.554691,-113.144105
,Ardrossan,Wind Speed,2026-03-08T08:00:00-06:00,53.554691,-113.144105
,Ardrossan,Hydrogen Sulphide,2026-03-08T08:00:00-06:00,53.554691,-113.144105
,Ardrossan,Nitrogen Dioxide,2026-03-08T08:00:00-06:00,53.554691,-113.144105
,Ardrossan,Ozone,2026-03-08T08:00:00-06:00,53.554691,-113.144105
,Ardrossan,Total Oxides of Nitrogen,2026-03-08T08:00:00-06:00,53.554691,-113.144105
,Ardrossan,Wind Direction,2026-03-08T08:00:00-06:00,53.554691,-113.144105
,Ardrossan,Outdoor Temperature,2026-03-08T08:00:00-06:00,53.554691,-113.144105
,Ardrossan,Nitric Oxide,2026-03-08T08:00:00-06:00,53.554691,-113.144105
,Ardrossan,Fine Particulate Matter,2026-03-08T08:00:00-06:00,53.554691,-113.144105
,Gibbons,Wind Speed,2026-03-08T08:00:00-06:00,53.827241,-113.327174
,Gibbons,Ozone,2026-03-08T08:00:00-06:00,53.827241,-113.327174
,Gibbons,Outdoor Temperature,2026-03-08T08:00:00-06:00,53.827241,-113.327174
,Gibbons,Nitrogen Dioxide,2026-03-08T08:00:00-06:00,53.827241,-113.327174
2.0,Gibbons,,2026-03-08T08:00:00-06:00,53.827241,-113.327174
,Gibbons,Nitric Oxide,2026-03-08T08:00:00-06:00,53.827241,-113.327174
,Gibbons,Fine Particulate Matter,2026-03-08T08:00:00-06:00,53.827241,-113.327174
,Gibbons,Sulphur Dioxide,2026-03-08T08:00:00-06:00,53.827241,-113.327174
,Gibbons,Wind Direction,2026-03-08T08:00:00-06:00,53.827241,-113.327174
,Gibbons,Total Oxides of Nitrogen,2026-03-08T08:00:00-06:00,53.827241,-113.327174
,Gibbons,Relative Humidity,2026-03-08T08:00:00-06:00,53.827241,-113.327174
,Gibbons,Hydrogen Sulphide,2026-03-08T08:00:00-06:00,53.827241,-113.327174
,St. Albert,Sulphur Dioxide,2026-03-08T08:00:00-06:00,53.6269722,-113.6119166
,St. Albert,,2026-03-08T08:00:00-06:00,53.6269722,-113.6119166
,St. Albert,Total Oxides of Nitrogen,2026-03-08T08:00:00-06:00,53.6269722,-113.6119166
,St. Albert,Ozone,2026-03-08T08:00:00-06:00,53.6269722,-113.6119166
,St. Albert,Outdoor Temperature,2026-03-08T08:00:00-06:00,53.6269722,-113.6119166
,St. Albert,Wind Speed,2026-03-08T08:00:00-06:00,53.6269722,-113.6119166
,St. Albert,Nitric Oxide,2026-03-08T08:00:00-06:00,53.6269722,-113.6119166
,St. Albert,Wind Direction,2026-03-08T08:00:00-06:00,53.6269722,-113.6119166
,St. Albert,Nitrogen Dioxide,2026-03-08T08:00:00-06:00,53.6269722,-113.6119166
,St. Albert,Fine Particulate Matter,2026-03-08T08:00:00-06:00,53.6269722,-113.6119166
,St. Albert,Relative Humidity,2026-03-08T08:00:00-06:00,53.6269722,-113.6119166
,Stony Mountain,Wind Speed,2026-03-08T08:00:00-06:00,55.62141,-111.17269
1.0,Stony Mountain,,2026-03-08T08:00:00-06:00,55.62141,-111.17269
,Stony Mountain,Total Reduced Sulphur,2026-03-08T08:00:00-06:00,55.62141,-111.17269
,Stony Mountain,Sulphur Dioxide,2026-03-08T08:00:00-06:00,55.62141,-111.17269
,Stony Mountain,Wind Direction,2026-03-08T08:00:00-06:00,55.62141,-111.17269
,Stony Mountain,Nitrogen Dioxide,2026-03-08T08:00:00-06:00,55.62141,-111.17269
,Stony Mountain,Relative Humidity,2026-03-08T08:00:00-06:00,55.62141,-111.17269
,Stony Mountain,Non-methane Hydrocarbons,2026-03-08T08:00:00-06:00,55.62141,-111.17269
,Stony Mountain,Total Hydrocarbons,2026-03-08T08:00:00-06:00,55.62141,-111.17269
,Stony Mountain,Ozone,2026-03-08T08:00:00-06:00,55.62141,-111.17269
,Stony Mountain,Total Oxides of Nitrogen,2026-03-08T08:00:00-06:00,55.62141,-111.17269
,Stony Mountain,Outdoor Temperature,2026-03-08T08:00:00-06:00,55.62141,-111.17269
,Stony Mountain,Solar Radiation,2026-03-08T08:00:00-06:00,55.62141,-111.17269
,Stony Mountain,Fine Particulate Matter,2026-03-08T08:00:00-06:00,55.62141,-111.17269
,Stony Mountain,Carbon Monoxide,2026-03-08T08:00:00-06:00,55.62141,-111.17269
,Stony Mountain,Methane,2026-03-08T08:00:00-06:00,55.62141,-111.17269
,Stony Mountain,Nitric Oxide,2026-03-08T08:00:00-06:00,55.62141,-111.17269
,Conklin Community,,2026-03-08T08:00:00-06:00,55.632331,-111.078872
,Conklin Community,Wind Direction,2026-03-08T08:00:00-06:00,55.632331,-111.078872
,Conklin Community,Relative Humidity,2026-03-08T08:00:00-06:00,55.632331,-111.078872
,Conklin Community,Total Reduced Sulphur,2026-03-08T08:00:00-06:00,55.632331,-111.078872
,Conklin Community,Total Oxides of Nitrogen,2026-03-08T08:00:00-06:00,55.632331,-111.078872
,Conklin Community,Non-methane Hydrocarbons,2026-03-08T08:00:00-06:00,55.632331,-111.078872
,Conklin Community,Wind Speed,2026-03-08T08:00:00-06:00,55.632331,-111.078872
,Conklin Community,Total Hydrocarbons,2026-03-08T08:00:00-06:00,55.632331,-111.078872
,Conklin Community,Outdoor Temperature,2026-03-08T08:00:00-06:00,55.632331,-111.078872
,Conklin Community,Sulphur Dioxide,2026-03-08T08:00:00-06:00,55.632331,-111.078872
,Conklin Community,Fine Particulate Matter,2026-03-08T08:00:00-06:00,55.632331,-111.078872
,Conklin Community,Methane,2026-03-08T08:00:00-06:00,55.632331,-111.078872
,Conklin Community,Ozone,2026-03-08T08:00:00-06:00,55.632331,-111.078872
,Conklin Community,Nitrogen Dioxide,2026-03-08T08:00:00-06:00,55.632331,-111.078872
,Conklin Community,Nitric Oxide,2026-03-08T08:00:00-06:00,55.632331,-111.078872
,Brion-MacKay River,Wind Speed,2026-03-08T08:00:00-06:00,56.779722,-112.089167
,Brion-MacKay River,Total Oxides of Nitrogen,2026-03-08T08:00:00-06:00,56.779722,-112.089167
,Brion-MacKay River,Nitrogen Dioxide,2026-03-08T08:00:00-06:00,56.779722,-112.089167
,Brion-MacKay River,Nitric Oxide,2026-03-08T08:00:00-06:00,56.779722,-112.089167
,Brion-MacKay River,Sulphur Dioxide,2026-03-08T08:00:00-06:00,56.779722,-112.089167
,Brion-MacKay River,Wind Direction,2026-03-08T08:00:00-06:00,56.779722,-112.089167
,Brion-MacKay River,Outdoor Temperature,2026-03-08T08:00:00-06:00,56.779722,-112.089167
,Brion-MacKay River,Relative Humidity,2026-03-08T08:00:00-06:00,56.779722,-112.089167
,Brion-MacKay River,Hydrogen Sulphide,2026-03-08T08:00:00-06:00,56.779722,-112.089167
,Brion-MacKay River,Total Hydrocarbons,2026-03-08T08:00:00-06:00,56.779722,-112.089167
,Wapasu,Ozone,2026-03-08T08:00:00-06:00,57.2591972,-111.0385833
,Wapasu,Wind Speed,2026-03-08T08:00:00-06:00,57.2591972,-111.0385833
,Wapasu,Total Oxides of Nitrogen,2026-03-08T08:00:00-06:00,57.2591972,-111.0385833
,Wapasu,Nitrogen Dioxide,2026-03-08T08:00:00-06:00,57.2591972,-111.0385833
,Wapasu,Outdoor Temperature,2026-03-08T08:00:00-06:00,57.2591972,-111.0385833
,Wapasu,Wind Direction,2026-03-08T08:00:00-06:00,57.2591972,-111.0385833
,Wapasu,Fine Particulate Matter,2026-03-08T08:00:00-06:00,57.2591972,-111.0385833
,Wapasu,Relative Humidity,2026-03-08T08:00:00-06:00,57.2591972,-111.0385833
,Wapasu,Nitric Oxide,2026-03-08T08:00:00-06:00,57.2591972,-111.0385833
,Wapasu,Total Hydrocarbons,2026-03-08T08:00:00-06:00,57.2591972,-111.0385833
,Wapasu,Sulphur Dioxide,2026-03-08T08:00:00-06:00,57.2591972,-111.0385833
,Wapasu,Hydrogen Sulphide,2026-03-08T08:00:00-06:00,57.2591972,-111.0385833
1.0,Janvier,,2026-03-08T08:00:00-06:00,55.9033,-110.7499
,Janvier,Nitric Oxide,2026-03-08T08:00:00-06:00,55.9033,-110.7499
,Janvier,Nitrogen Dioxide,2026-03-08T08:00:00-06:00,55.9033,-110.7499
,Janvier,Sulphur Dioxide,2026-03-08T08:00:00-06:00,55.9033,-110.7499
,Janvier,Outdoor Temperature,2026-03-08T08:00:00-06:00,55.9033,-110.7499
,Janvier,Fine Particulate Matter,2026-03-08T08:00:00-06:00,55.9033,-110.7499
,Janvier,Total Reduced Sulphur,2026-03-08T08:00:00-06:00,55.9033,-110.7499
,Janvier,Wind Direction,2026-03-08T08:00:00-06:00,55.9033,-110.7499
,Janvier,Total Oxides of Nitrogen,2026-03-08T08:00:00-06:00,55.9033,-110.7499
,Janvier,Wind Speed,2026-03-08T08:00:00-06:00,55.9033,-110.7499
,Janvier,Ozone,2026-03-08T08:00:00-06:00,55.9033,-110.7499
,Janvier,Non-methane Hydrocarbons,2026-03-08T08:00:00-06:00,55.9033,-110.7499
,Janvier,Methane,2026-03-08T08:00:00-06:00,55.9033,-110.7499
,Janvier,Total Hydrocarbons,2026-03-08T08:00:00-06:00,55.9033,-110.7499
,Janvier,Relative Humidity,2026-03-08T08:00:00-06:00,55.9033,-110.7499
,Firebag,Total Hydrocarbons,2026-03-08T08:00:00-06:00,57.23732,-110.90004
,Firebag,Wind Speed,2026-03-08T08:00:00-06:00,57.23732,-110.90004
,Firebag,Hydrogen Sulphide,2026-03-08T08:00:00-06:00,57.23732,-110.90004
,Firebag,Outdoor Temperature,2026-03-08T08:00:00-06:00,57.23732,-110.90004
,Firebag,Wind Direction,2026-03-08T08:00:00-06:00,57.23732,-110.90004
,Firebag,Relative Humidity,2026-03-08T08:00:00-06:00,57.23732,-110.90004
,Firebag,Sulphur Dioxide,2026-03-08T08:00:00-06:00,57.23732,-110.90004
,Firebag,Nitrogen Dioxide,2026-03-08T08:00:00-06:00,57.23732,-110.90004
,Firebag,Nitric Oxide,2026-03-08T08:00:00-06:00,57.23732,-110.90004
,Firebag,Total Oxides of Nitrogen,2026-03-08T08:00:00-06:00,57.23732,-110.90004
,Three Creeks 842,Non-methane Hydrocarbons,2026-03-08T08:00:00-06:00,56.27408,-116.9815
,Three Creeks 842,Outdoor Temperature,2026-03-08T08:00:00-06:00,56.27408,-116.9815
,Three Creeks 842,Relative Humidity,2026-03-08T08:00:00-06:00,56.27408,-116.9815
,Three Creeks 842,Wind Direction,2026-03-08T08:00:00-06:00,56.27408,-116.9815
,Three Creeks 842,Methane,2026-03-08T08:00:00-06:00,56.27408,-116.9815
,Three Creeks 842,Total Reduced Sulphur,2026-03-08T08:00:00-06:00,56.27408,-116.9815
,Three Creeks 842,Total Hydrocarbons,2026-03-08T08:00:00-06:00,56.27408,-116.9815
,Three Creeks 842,Wind Speed,2026-03-08T08:00:00-06:00,56.27408,-116.9815
,Three Creeks 842,Sulphur Dioxide,2026-03-08T08:00:00-06:00,56.27408,-116.9815
,Three Creeks 986,Non-methane Hydrocarbons,2026-03-08T08:00:00-06:00,56.37603,-116.9406
,Three Creeks 986,Wind Speed,2026-03-08T08:00:00-06:00,56.37603,-116.9406
,Three Creeks 986,Outdoor Temperature,2026-03-08T08:00:00-06:00,56.37603,-116.9406
,Three Creeks 986,Wind Direction,2026-03-08T08:00:00-06:00,56.37603,-116.9406
,Three Creeks 986,Methane,2026-03-08T08:00:00-06:00,56.37603,-116.9406
,Three Creeks 986,Sulphur Dioxide,2026-03-08T08:00:00-06:00,56.37603,-116.9406
,Three Creeks 986,Relative Humidity,2026-03-08T08:00:00-06:00,56.37603,-116.9406
,Three Creeks 986,Total Hydrocarbons,2026-03-08T08:00:00-06:00,56.37603,-116.9406
,Three Creeks 986,Total Reduced Sulphur,2026-03-08T08:00:00-06:00,56.37603,-116.9406
,Airdrie,Wind Speed,2026-03-08T08:00:00-06:00,51.268227,-114.037677
,Airdrie,Fine Particulate Matter,2026-03-08T08:00:00-06:00,51.268227,-114.037677
2.0,Airdrie,,2026-03-08T08:00:00-06:00,51.268227,-114.037677
,Airdrie,Nitric Oxide,2026-03-08T08:00:00-06:00,51.268227,-114.037677
,Airdrie,Nitrogen Dioxide,2026-03-08T08:00:00-06:00,51.268227,-114.037677
,Airdrie,Outdoor Temperature,2026-03-08T08:00:00-06:00,51.268227,-114.037677
,Airdrie,Ozone,2026-03-08T08:00:00-06:00,51.268227,-114.037677
,Airdrie,Total Oxides of Nitrogen,2026-03-08T08:00:00-06:00,51.268227,-114.037677
,Airdrie,Wind Direction,2026-03-08T08:00:00-06:00,51.268227,-114.037677
,Airdrie,Carbon Monoxide,2026-03-08T08:00:00-06:00,51.268227,-114.037677
,Airdrie,Relative Humidity,2026-03-08T08:00:00-06:00,51.268227,-114.037677
,Redwater,Fine Particulate Matter,2026-03-08T08:00:00-06:00,53.951834,-113.105857
,Redwater,Ozone,2026-03-08T08:00:00-06:00,53.951834,-113.105857
,Redwater,,2026-03-08T08:00:00-06:00,53.951834,-113.105857
,Redwater,Hydrogen Sulphide,2026-03-08T08:00:00-06:00,53.951834,-113.105857
,Redwater,Wind Speed,2026-03-08T08:00:00-06:00,53.951834,-113.105857
,Redwater,Ammonia,2026-03-08T08:00:00-06:00,53.951834,-113.105857
,Redwater,Wind Direction,2026-03-08T08:00:00-06:00,53.951834,-113.105857
,Redwater,Nitric Oxide,2026-03-08T08:00:00-06:00,53.951834,-113.105857
,Redwater,Nitrogen Dioxide,2026-03-08T08:00:00-06:00,53.951834,-113.105857
,Redwater,Sulphur Dioxide,2026-03-08T08:00:00-06:00,53.951834,-113.105857
,Redwater,Total Oxides of Nitrogen,2026-03-08T08:00:00-06:00,53.951834,-113.105857
,Redwater,Barometric Pressure,2026-03-08T08:00:00-06:00,53.951834,-113.105857
,Redwater,Outdoor Temperature,2026-03-08T08:00:00-06:00,53.951834,-113.105857
,Redwater,Relative Humidity,2026-03-08T08:00:00-06:00,53.951834,-113.105857
,Edmonton McCauley,Ozone,2026-03-08T08:00:00-06:00,53.549509,-113.48593
,Edmonton McCauley,Wind Direction,2026-03-08T08:00:00-06:00,53.549509,-113.48593
,Edmonton McCauley,Nitrogen Dioxide,2026-03-08T08:00:00-06:00,53.549509,-113.48593
,Edmonton McCauley,Fine Particulate Matter,2026-03-08T08:00:00-06:00,53.549509,-113.48593
,Edmonton McCauley,Total Oxides of Nitrogen,2026-03-08T08:00:00-06:00,53.549509,-113.48593
,Edmonton McCauley,Wind Speed,2026-03-08T08:00:00-06:00,53.549509,-113.48593
,Edmonton McCauley,Relative Humidity,2026-03-08T08:00:00-06:00,53.549509,-113.48593
,Edmonton McCauley,Outdoor Temperature,2026-03-08T08:00:00-06:00,53.549509,-113.48593
,Edmonton McCauley,Carbon Monoxide,2026-03-08T08:00:00-06:00,53.549509,-113.48593
,Edmonton McCauley,,2026-03-08T08:00:00-06:00,53.549509,-113.48593
,Edmonton McCauley,Nitric Oxide,2026-03-08T08:00:00-06:00,53.549509,-113.48593
,Scotford South,Nitrogen Dioxide,2026-03-08T08:00:00-06:00,53.759684,-113.027247
,Scotford South,Xylene,2026-03-08T08:00:00-06:00,53.759684,-113.027247
,Scotford South,Sulphur Dioxide,2026-03-08T08:00:00-06:00,53.759684,-113.027247
,Scotford South,Nitric Oxide,2026-03-08T08:00:00-06:00,53.759684,-113.027247
,Scotford South,Toluene,2026-03-08T08:00:00-06:00,53.759684,-113.027247
,Scotford South,Wind Direction,2026-03-08T08:00:00-06:00,53.759684,-113.027247
,Scotford South,Wind Speed,2026-03-08T08:00:00-06:00,53.759684,-113.027247
,Scotford South,Relative Humidity,2026-03-08T08:00:00-06:00,53.759684,-113.027247
,Scotford South,Ethylbenzene,2026-03-08T08:00:00-06:00,53.759684,-113.027247
,Scotford South,Benzene,2026-03-08T08:00:00-06:00,53.759684,-113.027247
,Scotford South,Hydrogen Sulphide,2026-03-08T08:00:00-06:00,53.759684,-113.027247
,Scotford South,Outdoor Temperature,2026-03-08T08:00:00-06:00,53.759684,-113.027247
,Scotford South,Styrene,2026-03-08T08:00:00-06:00,53.759684,-113.027247
,Scotford South,Barometric Pressure,2026-03-08T08:00:00-06:00,53.759684,-113.027247
,Scotford South,Total Oxides of Nitrogen,2026-03-08T08:00:00-06:00,53.759684,-113.027247
,Lamont,Nitrogen Dioxide,2026-03-08T08:00:00-06:00,53.757334,-112.778004
,Lamont,Ozone,2026-03-08T08:00:00-06:00,53.757334,-112.778004
,Lamont,Fine Particulate Matter,2026-03-08T08:00:00-06:00,53.757334,-112.778004
,Lamont,Total Oxides of Nitrogen,2026-03-08T08:00:00-06:00,53.757334,-112.778004
2.0,Lamont,,2026-03-08T08:00:00-06:00,53.757334,-112.778004
,Lamont,Relative Humidity,2026-03-08T08:00:00-06:00,53.757334,-112.778004
,Lamont,Nitric Oxide,2026-03-08T08:00:00-06:00,53.757334,-112.778004
,Lamont,Non-methane Hydrocarbons,2026-03-08T08:00:00-06:00,53.757334,-112.778004
,Lamont,Methane,2026-03-08T08:00:00-06:00,53.757334,-112.778004
,Lamont,Total Hydrocarbons,2026-03-08T08:00:00-06:00,53.757334,-112.778004
,Lamont,Sulphur Dioxide,2026-03-08T08:00:00-06:00,53.757334,-112.778004
,Lamont,Wind Speed,2026-03-08T08:00:00-06:00,53.757334,-112.778004
,Lamont,Outdoor Temperature,2026-03-08T08:00:00-06:00,53.757334,-112.778004
,Lamont,Wind Direction,2026-03-08T08:00:00-06:00,53.757334,-112.778004
,Lamont,Hydrogen Sulphide,2026-03-08T08:00:00-06:00,53.757334,-112.778004
,Tamarack,Wind Direction,2026-03-08T08:00:00-06:00,54.604935,-110.452637
,Tamarack,Total Oxides of Nitrogen,2026-03-08T08:00:00-06:00,54.604935,-110.452637
,Tamarack,Sulphur Dioxide,2026-03-08T08:00:00-06:00,54.604935,-110.452637
,Tamarack,Hydrogen Sulphide,2026-03-08T08:00:00-06:00,54.604935,-110.452637
,Tamarack,Nitrogen Dioxide,2026-03-08T08:00:00-06:00,54.604935,-110.452637
,Tamarack,Ozone,2026-03-08T08:00:00-06:00,54.604935,-110.452637
,Tamarack,Non-methane Hydrocarbons,2026-03-08T08:00:00-06:00,54.604935,-110.452637
,Tamarack,Relative Humidity,2026-03-08T08:00:00-06:00,54.604935,-110.452637
,Tamarack,Outdoor Temperature,2026-03-08T08:00:00-06:00,54.604935,-110.452637
,Tamarack,Wind Speed,2026-03-08T08:00:00-06:00,54.604935,-110.452637
,Tamarack,Methane,2026-03-08T08:00:00-06:00,54.604935,-110.452637
,Tamarack,Total Hydrocarbons,2026-03-08T08:00:00-06:00,54.604935,-110.452637
,Tamarack,Nitric Oxide,2026-03-08T08:00:00-06:00,54.604935,-110.452637
1.0,Tamarack,,2026-03-08T08:00:00-06:00,54.604935,-110.452637
,Tamarack,Fine Particulate Matter,2026-03-08T08:00:00-06:00,54.604935,-110.452637
,Waskow ohci Pimatisiwin,Wind Speed,2026-03-08T08:00:00-06:00,57.1837,-111.6395
,Waskow ohci Pimatisiwin,Wind Direction,2026-03-08T08:00:00-06:00,57.1837,-111.6395
,Waskow ohci Pimatisiwin,Relative Humidity,2026-03-08T08:00:00-06:00,57.1837,-111.6395
,Waskow ohci Pimatisiwin,Outdoor Temperature,2026-03-08T08:00:00-06:00,57.1837,-111.6395
,Waskow ohci Pimatisiwin,Hydrogen Sulphide,2026-03-08T08:00:00-06:00,57.1837,-111.6395
,Waskow ohci Pimatisiwin,Sulphur Dioxide,2026-03-08T08:00:00-06:00,57.1837,-111.6395
,Waskow ohci Pimatisiwin,Total Reduced Sulphur,2026-03-08T08:00:00-06:00,57.1837,-111.6395
,Fort Hills,Nitric Oxide,2026-03-08T08:00:00-06:00,57.3489,-111.63969
,Fort Hills,Non-methane Hydrocarbons,2026-03-08T08:00:00-06:00,57.3489,-111.63969
,Fort Hills,Total Oxides of Nitrogen,2026-03-08T08:00:00-06:00,57.3489,-111.63969
,Fort Hills,Relative Humidity,2026-03-08T08:00:00-06:00,57.3489,-111.63969
,Fort Hills,Total Hydrocarbons,2026-03-08T08:00:00-06:00,57.3489,-111.63969
,Fort Hills,Methane,2026-03-08T08:00:00-06:00,57.3489,-111.63969
,Fort Hills,Fine Particulate Matter,2026-03-08T08:00:00-06:00,57.3489,-111.63969
,Fort Hills,Nitrogen Dioxide,2026-03-08T08:00:00-06:00,57.3489,-111.63969
,Fort Hills,Wind Speed,2026-03-08T08:00:00-06:00,57.3489,-111.63969
,Fort Hills,Sulphur Dioxide,2026-03-08T08:00:00-06:00,57.3489,-111.63969
,Fort Hills,Wind Direction,2026-03-08T08:00:00-06:00,57.3489,-111.63969
,Fort Hills,Total Reduced Sulphur,2026-03-08T08:00:00-06:00,57.3489,-111.63969
,Fort Hills,Outdoor Temperature,2026-03-08T08:00:00-06:00,57.3489,-111.63969
,Jackfish 2/3,Wind Speed,2026-03-08T08:00:00-06:00,55.5186932,-110.9759926
,Jackfish 2/3,Total Oxides of Nitrogen,2026-03-08T08:00:00-06:00,55.5186932,-110.9759926
,Jackfish 2/3,Nitrogen Dioxide,2026-03-08T08:00:00-06:00,55.5186932,-110.9759926
,Jackfish 2/3,Hydrogen Sulphide,2026-03-08T08:00:00-06:00,55.5186932,-110.9759926
,Jackfish 2/3,Relative Humidity,2026-03-08T08:00:00-06:00,55.5186932,-110.9759926
,Jackfish 2/3,Wind Direction,2026-03-08T08:00:00-06:00,55.5186932,-110.9759926
,Jackfish 2/3,Sulphur Dioxide,2026-03-08T08:00:00-06:00,55.5186932,-110.9759926
,Jackfish 2/3,Nitric Oxide,2026-03-08T08:00:00-06:00,55.5186932,-110.9759926
,Jackfish 2/3,Outdoor Temperature,2026-03-08T08:00:00-06:00,55.5186932,-110.9759926
,Jackfish 1,Relative Humidity,2026-03-08T08:00:00-06:00,55.87711,-111.44853
,Jackfish 1,Total Oxides of Nitrogen,2026-03-08T08:00:00-06:00,55.87711,-111.44853
,Jackfish 1,Nitrogen Dioxide,2026-03-08T08:00:00-06:00,55.87711,-111.44853
,Jackfish 1,Sulphur Dioxide,2026-03-08T08:00:00-06:00,55.87711,-111.44853
,Jackfish 1,Wind Speed,2026-03-08T08:00:00-06:00,55.87711,-111.44853
,Jackfish 1,Nitric Oxide,2026-03-08T08:00:00-06:00,55.87711,-111.44853
,Jackfish 1,Outdoor Temperature,2026-03-08T08:00:00-06:00,55.87711,-111.44853
,Jackfish 1,Hydrogen Sulphide,2026-03-08T08:00:00-06:00,55.87711,-111.44853
,Jackfish 1,Wind Direction,2026-03-08T08:00:00-06:00,55.87711,-111.44853
,Surmont 2,Hydrogen Sulphide,2026-03-08T08:00:00-06:00,56.2124673,-110.9091168
,Surmont 2,Wind Direction,2026-03-08T08:00:00-06:00,56.2124673,-110.9091168
,Surmont 2,Outdoor Temperature,2026-03-08T08:00:00-06:00,56.2124673,-110.9091168
,Surmont 2,Total Oxides of Nitrogen,2026-03-08T08:00:00-06:00,56.2124673,-110.9091168
,Surmont 2,Total Hydrocarbons,2026-03-08T08:00:00-06:00,56.2124673,-110.9091168
,Surmont 2,Wind Speed,2026-03-08T08:00:00-06:00,56.2124673,-110.9091168
,Surmont 2,Nitrogen Dioxide,2026-03-08T08:00:00-06:00,56.2124673,-110.9091168
,Surmont 2,Sulphur Dioxide,2026-03-08T08:00:00-06:00,56.2124673,-110.9091168
,Surmont 2,Nitric Oxide,2026-03-08T08:00:00-06:00,56.2124673,-110.9091168
,Surmont 2,Relative Humidity,2026-03-08T08:00:00-06:00,56.2124673,-110.9091168
,Surmont 2,Fine Particulate Matter,2026-03-08T08:00:00-06:00,56.2124673,-110.9091168
,Ells River,Sulphur Dioxide,2026-03-08T08:00:00-06:00,57.24118,-111.722081
,Ells River,Outdoor Temperature,2026-03-08T08:00:00-06:00,57.24118,-111.722081
,Ells River,Nitrogen Dioxide,2026-03-08T08:00:00-06:00,57.24118,-111.722081
,Ells River,Fine Particulate Matter,2026-03-08T08:00:00-06:00,57.24118,-111.722081
,Ells River,Total Oxides of Nitrogen,2026-03-08T08:00:00-06:00,57.24118,-111.722081
,Ells River,Total Hydrocarbons,2026-03-08T08:00:00-06:00,57.24118,-111.722081
,Ells River,Nitric Oxide,2026-03-08T08:00:00-06:00,57.24118,-111.722081
,Ells River,Wind Direction,2026-03-08T08:00:00-06:00,57.24118,-111.722081
,Ells River,Relative Humidity,2026-03-08T08:00:00-06:00,57.24118,-111.722081
,Ells River,Non-methane Hydrocarbons,2026-03-08T08:00:00-06:00,57.24118,-111.722081
,Ells River,Methane,2026-03-08T08:00:00-06:00,57.24118,-111.722081
,Ells River,Wind Speed,2026-03-08T08:00:00-06:00,57.24118,-111.722081
,Ells River,Total Reduced Sulphur,2026-03-08T08:00:00-06:00,57.24118,-111.722081
,Ells River,Solar Radiation,2026-03-08T08:00:00-06:00,57.24118,-111.722081
,Grimshaw,Nitric Oxide,2026-03-08T08:00:00-06:00,56.18657,-117.604994
,Grimshaw,Ozone,2026-03-08T08:00:00-06:00,56.18657,-117.604994
,Grimshaw,Relative Humidity,2026-03-08T08:00:00-06:00,56.18657,-117.604994
,Grimshaw,Non-methane Hydrocarbons,2026-03-08T08:00:00-06:00,56.18657,-117.604994
,Grimshaw,Methane,2026-03-08T08:00:00-06:00,56.18657,-117.604994
,Grimshaw,Wind Direction,2026-03-08T08:00:00-06:00,56.18657,-117.604994
,Grimshaw,Total Oxides of Nitrogen,2026-03-08T08:00:00-06:00,56.18657,-117.604994
3.0,Grimshaw,,2026-03-08T08:00:00-06:00,56.18657,-117.604994
,Grimshaw,Sulphur Dioxide,2026-03-08T08:00:00-06:00,56.18657,-117.604994
,Grimshaw,Fine Particulate Matter,2026-03-08T08:00:00-06:00,56.18657,-117.604994
,Grimshaw,Total Reduced Sulphur,2026-03-08T08:00:00-06:00,56.18657,-117.604994
,Grimshaw,Wind Speed,2026-03-08T08:00:00-06:00,56.18657,-117.604994
,Grimshaw,Nitrogen Dioxide,2026-03-08T08:00:00-06:00,56.18657,-117.604994
,Grimshaw,Outdoor Temperature,2026-03-08T08:00:00-06:00,56.18657,-117.604994
,PRC,Wind Speed,2026-03-08T08:00:00-06:00,56.38257,-116.769283
,PRC,Non-methane Hydrocarbons,2026-03-08T08:00:00-06:00,56.38257,-116.769283
,PRC,Methane,2026-03-08T08:00:00-06:00,56.38257,-116.769283
,PRC,Wind Direction,2026-03-08T08:00:00-06:00,56.38257,-116.769283
,PRC,Total Reduced Sulphur,2026-03-08T08:00:00-06:00,56.38257,-116.769283
,PRC,Total Hydrocarbons,2026-03-08T08:00:00-06:00,56.38257,-116.769283
,PRC,Hydrogen Sulphide,2026-03-08T08:00:00-06:00,56.38257,-116.769283
,PRC,Sulphur Dioxide,2026-03-08T08:00:00-06:00,56.38257,-116.769283
,PRC,Outdoor Temperature,2026-03-08T08:00:00-06:00,56.38257,-116.769283
,Lac La Biche,Nitric Oxide,2026-03-08T08:00:00-06:00,54.76516,-111.971449
,Lac La Biche,Nitrogen Dioxide,2026-03-08T08:00:00-06:00,54.76516,-111.971449
,Lac La Biche,Total Oxides of Nitrogen,2026-03-08T08:00:00-06:00,54.76516,-111.971449
,Lac La Biche,Sulphur Dioxide,2026-03-08T08:00:00-06:00,54.76516,-111.971449
,Lac La Biche,Outdoor Temperature,2026-03-08T08:00:00-06:00,54.76516,-111.971449
,Lac La Biche,Total Reduced Sulphur,2026-03-08T08:00:00-06:00,54.76516,-111.971449
,Lac La Biche,Wind Speed,2026-03-08T08:00:00-06:00,54.76516,-111.971449
,Lac La Biche,Methane,2026-03-08T08:00:00-06:00,54.76516,-111.971449
,Lac La Biche,Non-methane Hydrocarbons,2026-03-08T08:00:00-06:00,54.76516,-111.971449
,Lac La Biche,Fine Particulate Matter,2026-03-08T08:00:00-06:00,54.76516,-111.971449
,Lac La Biche,Total Hydrocarbons,2026-03-08T08:00:00-06:00,54.76516,-111.971449
2.0,Lac La Biche,,2026-03-08T08:00:00-06:00,54.76516,-111.971449
,Lac La Biche,Ozone,2026-03-08T08:00:00-06:00,54.76516,-111.971449
,Lac La Biche,Relative Humidity,2026-03-08T08:00:00-06:00,54.76516,-111.971449
,Lac La Biche,Wind Direction,2026-03-08T08:00:00-06:00,54.76516,-111.971449
,Lac La Biche,Hydrogen Sulphide,2026-03-08T08:00:00-06:00,54.76516,-111.971449
,Hinton-Hillcrest,Ozone,2026-03-08T08:00:00-06:00,53.3927365,-117.5846086
3.0,Hinton-Hillcrest,,2026-03-08T08:00:00-06:00,53.3927365,-117.5846086
,Hinton-Hillcrest,Outdoor Temperature,2026-03-08T08:00:00-06:00,53.3927365,-117.5846086
,Hinton-Hillcrest,Wind Speed,2026-03-08T08:00:00-06:00,53.3927365,-117.5846086
,Hinton-Hillcrest,Nitric Oxide,2026-03-08T08:00:00-06:00,53.3927365,-117.5846086
,Hinton-Hillcrest,Total Reduced Sulphur,2026-03-08T08:00:00-06:00,53.3927365,-117.5846086
,Hinton-Hillcrest,Relative Humidity,2026-03-08T08:00:00-06:00,53.3927365,-117.5846086
,Hinton-Hillcrest,Nitrogen Dioxide,2026-03-08T08:00:00-06:00,53.3927365,-117.5846086
,Hinton-Hillcrest,Wind Direction,2026-03-08T08:00:00-06:00,53.3927365,-117.5846086
,Hinton-Hillcrest,Total Oxides of Nitrogen,2026-03-08T08:00:00-06:00,53.3927365,-117.5846086
,Hinton-Hillcrest,Sulphur Dioxide,2026-03-08T08:00:00-06:00,53.3927365,-117.5846086
,Hinton-Hillcrest,Fine Particulate Matter,2026-03-08T08:00:00-06:00,53.3927365,-117.5846086
,Fox Creek,Fine Particulate Matter,2026-03-08T08:00:00-06:00,54.395492,-116.80948
2.0,Fox Creek,,2026-03-08T08:00:00-06:00,54.395492,-116.80948
,Fox Creek,Wind Direction,2026-03-08T08:00:00-06:00,54.395492,-116.80948
,Fox Creek,Sulphur Dioxide,2026-03-08T08:00:00-06:00,54.395492,-116.80948
,Fox Creek,Outdoor Temperature,2026-03-08T08:00:00-06:00,54.395492,-116.80948
,Fox Creek,Nitrogen Dioxide,2026-03-08T08:00:00-06:00,54.395492,-116.80948
,Fox Creek,Ozone,2026-03-08T08:00:00-06:00,54.395492,-116.80948
,Fox Creek,Total Oxides of Nitrogen,2026-03-08T08:00:00-06:00,54.395492,-116.80948
,Fox Creek,Wind Speed,2026-03-08T08:00:00-06:00,54.395492,-116.80948
,Fox Creek,Nitric Oxide,2026-03-08T08:00:00-06:00,54.395492,-116.80948
,Fox Creek,Hydrogen Sulphide,2026-03-08T08:00:00-06:00,54.395492,-116.80948
,High Level (Airpointer),Nitrogen Dioxide,2026-03-08T08:00:00-06:00,58.512216,-117.162258
,High Level (Airpointer),Nitric Oxide,2026-03-08T08:00:00-06:00,58.512216,-117.162258
,High Level (Airpointer),Ozone,2026-03-08T08:00:00-06:00,58.512216,-117.162258
,High Level (Airpointer),Wind Direction,2026-03-08T08:00:00-06:00,58.512216,-117.162258
,High Level (Airpointer),Relative Humidity,2026-03-08T08:00:00-06:00,58.512216,-117.162258
,High Level (Airpointer),Total Oxides of Nitrogen,2026-03-08T08:00:00-06:00,58.512216,-117.162258
,High Level (Airpointer),,2026-03-08T08:00:00-06:00,58.512216,-117.162258
,High Level (Airpointer),Outdoor Temperature,2026-03-08T08:00:00-06:00,58.512216,-117.162258
,High Level (Airpointer),Wind Speed,2026-03-08T08:00:00-06:00,58.512216,-117.162258
,High Level (Airpointer),Fine Particulate Matter,2026-03-08T08:00:00-06:00,58.512216,-117.162258
,Leduc Sensor,,2026-03-08T08:00:00-06:00,53.241439,-113.503769
,Leduc Sensor,Ozone,2026-03-08T08:00:00-06:00,53.241439,-113.503769
,Leduc Sensor,Nitrogen Dioxide,2026-03-08T08:00:00-06:00,53.241439,-113.503769
,Leduc Sensor,Outdoor Temperature,2026-03-08T08:00:00-06:00,53.241439,-113.503769
,Leduc Sensor,Fine Particulate Matter,2026-03-08T08:00:00-06:00,53.241439,-113.503769
,Leduc Sensor,Relative Humidity,2026-03-08T08:00:00-06:00,53.241439,-113.503769
,O’Morrow Station 1,Wind Speed,2026-03-08T08:00:00-06:00,54.9036817,-112.8433489
,O’Morrow Station 1,Wind Direction,2026-03-08T08:00:00-06:00,54.9036817,-112.8433489
,O’Morrow Station 1,Relative Humidity,2026-03-08T08:00:00-06:00,54.9036817,-112.8433489
,O’Morrow Station 1,Total Reduced Sulphur,2026-03-08T08:00:00-06:00,54.9036817,-112.8433489
,O’Morrow Station 1,Outdoor Temperature,2026-03-08T08:00:00-06:00,54.9036817,-112.8433489
,O’Morrow Station 1,Fine Particulate Matter,2026-03-08T08:00:00-06:00,54.9036817,-112.8433489
,O’Morrow Station 1,Sulphur Dioxide,2026-03-08T08:00:00-06:00,54.9036817,-112.8433489
,Poacher’s Landing Station 2,Wind Direction,2026-03-08T08:00:00-06:00,54.9457874,-112.816501
,Poacher’s Landing Station 2,Total Reduced Sulphur,2026-03-08T08:00:00-06:00,54.9457874,-112.816501
,Poacher’s Landing Station 2,Wind Speed,2026-03-08T08:00:00-06:00,54.9457874,-112.816501
3.0,Happy Valley,,2026-03-08T08:00:00-06:00,55.752778,-119.086667
,Happy Valley,Outdoor Temperature,2026-03-08T08:00:00-06:00,55.752778,-119.086667
,Happy Valley,Total Oxides of Nitrogen,2026-03-08T08:00:00-06:00,55.752778,-119.086667
,Happy Valley,Total Hydrocarbons,2026-03-08T08:00:00-06:00,55.752778,-119.086667
,Happy Valley,Nitrogen Dioxide,2026-03-08T08:00:00-06:00,55.752778,-119.086667
,Happy Valley,Methane,2026-03-08T08:00:00-06:00,55.752778,-119.086667
,Happy Valley,Relative Humidity,2026-03-08T08:00:00-06:00,55.752778,-119.086667
,Happy Valley,Sulphur Dioxide,2026-03-08T08:00:00-06:00,55.752778,-119.086667
,Happy Valley,Fine Particulate Matter,2026-03-08T08:00:00-06:00,55.752778,-119.086667
,Happy Valley,Nitric Oxide,2026-03-08T08:00:00-06:00,55.752778,-119.086667
,Happy Valley,Wind Direction,2026-03-08T08:00:00-06:00,55.752778,-119.086667
,Happy Valley,Ozone,2026-03-08T08:00:00-06:00,55.752778,-119.086667
,Happy Valley,Wind Speed,2026-03-08T08:00:00-06:00,55.752778,-119.086667
,Happy Valley,Non-methane Hydrocarbons,2026-03-08T08:00:00-06:00,55.752778,-119.086667
,Happy Valley,Total Reduced Sulphur,2026-03-08T08:00:00-06:00,55.752778,-119.086667
,Kirby North,Nitrogen Dioxide,2026-03-08T08:00:00-06:00,55.461647,-111.218823
,Kirby North,Nitric Oxide,2026-03-08T08:00:00-06:00,55.461647,-111.218823
,Kirby North,Relative Humidity,2026-03-08T08:00:00-06:00,55.461647,-111.218823
,Kirby North,Wind Speed,2026-03-08T08:00:00-06:00,55.461647,-111.218823
,Kirby North,Outdoor Temperature,2026-03-08T08:00:00-06:00,55.461647,-111.218823
,Kirby North,Total Oxides of Nitrogen,2026-03-08T08:00:00-06:00,55.461647,-111.218823
,Kirby North,Sulphur Dioxide,2026-03-08T08:00:00-06:00,55.461647,-111.218823
,Kirby North,Hydrogen Sulphide,2026-03-08T08:00:00-06:00,55.461647,-111.218823
,Kirby North,Wind Direction,2026-03-08T08:00:00-06:00,55.461647,-111.218823
,Kirby North,Total Hydrocarbons,2026-03-08T08:00:00-06:00,55.461647,-111.218823
,Brooks Meadowplace,Total Oxides of Nitrogen,2026-03-08T08:00:00-06:00,50.558969,-111.863769
,Brooks Meadowplace,Nitric Oxide,2026-03-08T08:00:00-06:00,50.558969,-111.863769
2.0,Brooks Meadowplace,,2026-03-08T08:00:00-06:00,50.558969,-111.863769
,Brooks Meadowplace,Wind Direction,2026-03-08T08:00:00-06:00,50.558969,-111.863769
,Brooks Meadowplace,Nitrogen Dioxide,2026-03-08T08:00:00-06:00,50.558969,-111.863769
,Brooks Meadowplace,Outdoor Temperature,2026-03-08T08:00:00-06:00,50.558969,-111.863769
,Brooks Meadowplace,Relative Humidity,2026-03-08T08:00:00-06:00,50.558969,-111.863769
,Brooks Meadowplace,Fine Particulate Matter,2026-03-08T08:00:00-06:00,50.558969,-111.863769
,Brooks Meadowplace,Ozone,2026-03-08T08:00:00-06:00,50.558969,-111.863769
,Brooks Meadowplace,Wind Speed,2026-03-08T08:00:00-06:00,50.558969,-111.863769
2.0,Jasper,,2026-03-08T08:00:00-06:00,52.873528,-118.09144
,Jasper,Nitrogen Dioxide,2026-03-08T08:00:00-06:00,52.873528,-118.09144
,Jasper,Ozone,2026-03-08T08:00:00-06:00,52.873528,-118.09144
,Jasper,Wind Direction,2026-03-08T08:00:00-06:00,52.873528,-118.09144
,Jasper,Outdoor Temperature,2026-03-08T08:00:00-06:00,52.873528,-118.09144
,Jasper,Relative Humidity,2026-03-08T08:00:00-06:00,52.873528,-118.09144
,Jasper,Fine Particulate Matter,2026-03-08T08:00:00-06:00,52.873528,-118.09144
,Jasper,Wind Speed,2026-03-08T08:00:00-06:00,52.873528,-118.09144
,Jasper,Nitric Oxide,2026-03-08T08:00:00-06:00,52.873528,-118.09144
,Jasper,Sulphur Dioxide,2026-03-08T08:00:00-06:00,52.873528,-118.09144
,Jasper,Total Reduced Sulphur,2026-03-08T08:00:00-06:00,52.873528,-118.09144
,Jasper,Total Oxides of Nitrogen,2026-03-08T08:00:00-06:00,52.873528,-118.09144
,Okotoks Wylie,Nitric Oxide,2026-03-08T08:00:00-06:00,50.728571,-113.969207
,Okotoks Wylie,Wind Direction,2026-03-08T08:00:00-06:00,50.728571,-113.969207
,Okotoks Wylie,Fine Particulate Matter,2026-03-08T08:00:00-06:00,50.728571,-113.969207
,Okotoks Wylie,Outdoor Temperature,2026-03-08T08:00:00-06:00,50.728571,-113.969207
,Okotoks Wylie,Ozone,2026-03-08T08:00:00-06:00,50.728571,-113.969207
,Okotoks Wylie,Wind Speed,2026-03-08T08:00:00-06:00,50.728571,-113.969207
,Okotoks Wylie,Nitrogen Dioxide,2026-03-08T08:00:00-06:00,50.728571,-113.969207
,Okotoks Wylie,,2026-03-08T08:00:00-06:00,50.728571,-113.969207
,Okotoks Wylie,Total Oxides of Nitrogen,2026-03-08T08:00:00-06:00,50.728571,-113.969207
,Hanna Library (Airpointer),Nitrogen Dioxide,2026-03-08T08:00:00-06:00,51.642351,-111.928226
,Hanna Library (Airpointer),Total Oxides of Nitrogen,2026-03-08T08:00:00-06:00,51.642351,-111.928226
,Hanna Library (Airpointer),Ozone,2026-03-08T08:00:00-06:00,51.642351,-111.928226
,Hanna Library (Airpointer),,2026-03-08T08:00:00-06:00,51.642351,-111.928226
,Hanna Library (Airpointer),Wind Direction,2026-03-08T08:00:00-06:00,51.642351,-111.928226
,Hanna Library (Airpointer),Fine Particulate Matter,2026-03-08T08:00:00-06:00,51.642351,-111.928226
,Hanna Library (Airpointer),Nitric Oxide,2026-03-08T08:00:00-06:00,51.642351,-111.928226
,Hanna Library (Airpointer),Wind Speed,2026-03-08T08:00:00-06:00,51.642351,-111.928226
,Hanna Library (Airpointer),Relative Humidity,2026-03-08T08:00:00-06:00,51.642351,-111.928226
,Raymond (Airpointer),Relative Humidity,2026-03-08T08:00:00-06:00,49.46218,-112.64222
,Raymond (Airpointer),,2026-03-08T08:00:00-06:00,49.46218,-112.64222
,Raymond (Airpointer),Wind Speed,2026-03-08T08:00:00-06:00,49.46218,-112.64222
,Raymond (Airpointer),Fine Particulate Matter,2026-03-08T08:00:00-06:00,49.46218,-112.64222
,Raymond (Airpointer),Total Oxides of Nitrogen,2026-03-08T08:00:00-06:00,49.46218,-112.64222
,Raymond (Airpointer),Wind Direction,2026-03-08T08:00:00-06:00,49.46218,-112.64222
,Raymond (Airpointer),Nitrogen Dioxide,2026-03-08T08:00:00-06:00,49.46218,-112.64222
,Raymond (Airpointer),Outdoor Temperature,2026-03-08T08:00:00-06:00,49.46218,-112.64222
,Raymond (Airpointer),Ozone,2026-03-08T08:00:00-06:00,49.46218,-112.64222
,Raymond (Airpointer),Nitric Oxide,2026-03-08T08:00:00-06:00,49.46218,-112.64222
,Enoch,Wind Speed,2026-03-08T08:00:00-06:00,53.4980544,-113.7607143
,Enoch,Relative Humidity,2026-03-08T08:00:00-06:00,53.4980544,-113.7607143
2.0,Enoch,,2026-03-08T08:00:00-06:00,53.4980544,-113.7607143
,Enoch,Total Oxides of Nitrogen,2026-03-08T08:00:00-06:00,53.4980544,-113.7607143
,Enoch,Outdoor Temperature,2026-03-08T08:00:00-06:00,53.4980544,-113.7607143
,Enoch,Fine Particulate Matter,2026-03-08T08:00:00-06:00,53.4980544,-113.7607143
,Enoch,Ozone,2026-03-08T08:00:00-06:00,53.4980544,-113.7607143
,Enoch,Nitric Oxide,2026-03-08T08:00:00-06:00,53.4980544,-113.7607143
,Enoch,Nitrogen Dioxide,2026-03-08T08:00:00-06:00,53.4980544,-113.7607143
,Enoch,Wind Direction,2026-03-08T08:00:00-06:00,53.4980544,-113.7607143
,E-BAM Swan Hills,Fine Particulate Matter,2026-03-08T08:00:00-06:00,54.71695,-115.4047
2.0,Waskatenau,,2026-03-08T08:00:00-06:00,54.098046,-112.779695
,Waskatenau,Nitrogen Dioxide,2026-03-08T08:00:00-06:00,54.098046,-112.779695
,Waskatenau,Hydrogen Sulphide,2026-03-08T08:00:00-06:00,54.098046,-112.779695
,Waskatenau,Wind Speed,2026-03-08T08:00:00-06:00,54.098046,-112.779695
,Waskatenau,Fine Particulate Matter,2026-03-08T08:00:00-06:00,54.098046,-112.779695
,Waskatenau,Sulphur Dioxide,2026-03-08T08:00:00-06:00,54.098046,-112.779695
,Waskatenau,Nitric Oxide,2026-03-08T08:00:00-06:00,54.098046,-112.779695
,Waskatenau,Relative Humidity,2026-03-08T08:00:00-06:00,54.098046,-112.779695
,Waskatenau,Total Oxides of Nitrogen,2026-03-08T08:00:00-06:00,54.098046,-112.779695
,Waskatenau,Wind Direction,2026-03-08T08:00:00-06:00,54.098046,-112.779695
,Waskatenau,Outdoor Temperature,2026-03-08T08:00:00-06:00,54.098046,-112.779695
,Waskatenau,Ozone,2026-03-08T08:00:00-06:00,54.098046,-112.779695
,Edmonton-Gold Bar,Wind Direction,2026-03-08T08:00:00-06:00,53.54925,-113.41473
,Edmonton-Gold Bar,Nitrogen Dioxide,2026-03-08T08:00:00-06:00,53.54925,-113.41473
,Edmonton-Gold Bar,Total Oxides of Nitrogen,2026-03-08T08:00:00-06:00,53.54925,-113.41473
,Edmonton-Gold Bar,Nitric Oxide,2026-03-08T08:00:00-06:00,53.54925,-113.41473
,Edmonton-Gold Bar,Outdoor Temperature,2026-03-08T08:00:00-06:00,53.54925,-113.41473
,Edmonton-Gold Bar,Wind Speed,2026-03-08T08:00:00-06:00,53.54925,-113.41473
,Edmonton-Gold Bar,Hydrogen Sulphide,2026-03-08T08:00:00-06:00,53.54925,-113.41473
,Edmonton-Gold Bar,Sulphur Dioxide,2026-03-08T08:00:00-06:00,53.54925,-113.41473
,Edmonton-Beverly,Wind Speed,2026-03-08T08:00:00-06:00,53.56693,-113.39849
,Edmonton-Beverly,Sulphur Dioxide,2026-03-08T08:00:00-06:00,53.56693,-113.39849
,Edmonton-Beverly,Wind Direction,2026-03-08T08:00:00-06:00,53.56693,-113.39849
,Edmonton-Beverly,Hydrogen Sulphide,2026-03-08T08:00:00-06:00,53.56693,-113.39849
,Edmonton-Beverly,Outdoor Temperature,2026-03-08T08:00:00-06:00,53.56693,-113.39849
,Edmonton-Beverly,Total Hydrocarbons,2026-03-08T08:00:00-06:00,53.56693,-113.39849
,E-BAM Peerless Lake FN,Fine Particulate Matter,2026-03-08T08:00:00-06:00,56.68136,-114.57921
,E-BAM Slave Lake,Fine Particulate Matter,2026-03-08T08:00:00-06:00,55.290868,-114.758962
,E-BAM Trout Lake,Fine Particulate Matter,2026-03-08T08:00:00-06:00,56.499503,-114.552304
3.0,Southfort,,2026-03-08T08:00:00-06:00,53.682364,-113.237639
,Southfort,Ozone,2026-03-08T08:00:00-06:00,53.682364,-113.237639
,Southfort,Total Oxides of Nitrogen,2026-03-08T08:00:00-06:00,53.682364,-113.237639
,Southfort,Wind Speed,2026-03-08T08:00:00-06:00,53.682364,-113.237639
,Southfort,Fine Particulate Matter,2026-03-08T08:00:00-06:00,53.682364,-113.237639
,Southfort,Total Hydrocarbons,2026-03-08T08:00:00-06:00,53.682364,-113.237639
,Southfort,Methane,2026-03-08T08:00:00-06:00,53.682364,-113.237639
,Southfort,Sulphur Dioxide,2026-03-08T08:00:00-06:00,53.682364,-113.237639
,Southfort,Outdoor Temperature,2026-03-08T08:00:00-06:00,53.682364,-113.237639
,Southfort,Hydrogen Sulphide,2026-03-08T08:00:00-06:00,53.682364,-113.237639
,Southfort,Wind Direction,2026-03-08T08:00:00-06:00,53.682364,-113.237639
,Southfort,Carbon Monoxide,2026-03-08T08:00:00-06:00,53.682364,-113.237639
,Southfort,Nitrogen Dioxide,2026-03-08T08:00:00-06:00,53.682364,-113.237639
,Southfort,Non-methane Hydrocarbons,2026-03-08T08:00:00-06:00,53.682364,-113.237639
,Southfort,Relative Humidity,2026-03-08T08:00:00-06:00,53.682364,-113.237639
,Southfort,Nitric Oxide,2026-03-08T08:00:00-06:00,53.682364,-113.237639
,Cochrane-Mitford Park,Outdoor Temperature,2026-03-08T08:00:00-06:00,51.188118,-114.490938
,Cochrane-Mitford Park,Fine Particulate Matter,2026-03-08T08:00:00-06:00,51.188118,-114.490938
,Cochrane-Mitford Park,Wind Direction,2026-03-08T08:00:00-06:00,51.188118,-114.490938
2.0,Cochrane-Mitford Park,,2026-03-08T08:00:00-06:00,51.188118,-114.490938
,Cochrane-Mitford Park,Wind Speed,2026-03-08T08:00:00-06:00,51.188118,-114.490938
,Cochrane-Mitford Park,Ozone,2026-03-08T08:00:00-06:00,51.188118,-114.490938
,Cochrane-Mitford Park,Nitric Oxide,2026-03-08T08:00:00-06:00,51.188118,-114.490938
,Cochrane-Mitford Park,Nitrogen Dioxide,2026-03-08T08:00:00-06:00,51.188118,-114.490938
,Cochrane-Mitford Park,Total Oxides of Nitrogen,2026-03-08T08:00:00-06:00,51.188118,-114.490938
