sensor_index,last_seen,name,location_type,latitude,longitude,last_seen_utc,age_days,active_30d,active_7d,province
262731,1786569858,Little GrandRapids,0,52.021515,-95.4564,2026-08-12 21:24:18+00:00,0.0011153099189814815,True,True,MB
276250,1786569821,Princess Auto Stadium - Field Level,0,49.807873,-97.14356,2026-08-12 21:23:41+00:00,0.0015435506597222223,True,True,MB
276284,1786569892,Princess Auto Stadium - Gate 4,0,49.80904,-97.143234,2026-08-12 21:24:52+00:00,0.000721791400462963,True,True,MB
276658,1786569881,Upper rainbow stage,0,49.941975,-97.100555,2026-08-12 21:24:41+00:00,0.0008491062152777777,True,True,MB
282734,1786569797,Victoria Beach,0,50.70341,-96.55363,2026-08-12 21:23:17+00:00,0.0018213284374999999,True,True,MB
282888,1786569821,Hnausa,0,50.930683,-96.961876,2026-08-12 21:23:41+00:00,0.0015435506597222223,True,True,MB
284242,1786569808,Assiniboia Downs,0,49.89152,-97.32804,2026-08-12 21:23:28+00:00,0.0016940136226851852,True,True,MB
288500,1786569798,Princess Auto Stadium - Rum Hut Concourse Level,0,49.808876,-97.143074,2026-08-12 21:23:18+00:00,0.0018097543634259259,True,True,MB
291248,1786569874,Mosquito lake,0,49.89911,-97.05226,2026-08-12 21:24:34+00:00,0.0009301247337962962,True,True,MB
300091,1786569807,Oak Bluff,0,49.779984,-97.336685,2026-08-12 21:23:27+00:00,0.0017055876967592592,True,True,MB
306194,1786569856,Pauingassi First Nation,0,52.158585,-95.375336,2026-08-12 21:24:16+00:00,0.0011384580671296295,True,True,MB
306468,1786569843,Brokenhead Health Center,0,50.362938,-96.62372,2026-08-12 21:24:03+00:00,0.0012889210300925924,True,True,MB
306476,1786569826,Poplar River Fire Hall,0,52.99535,-97.27585,2026-08-12 21:23:46+00:00,0.0014856802893518518,True,True,MB
306742,1786569879,Berens River,0,52.348923,-96.9889,2026-08-12 21:24:39+00:00,0.0008722543634259259,True,True,MB
306882,1786569894,Oxford house,0,49.864513,-97.1759,2026-08-12 21:24:54+00:00,0.0006986432523148149,True,True,MB
307048,1786569906,Black River First Nation,0,50.83011,-96.30364,2026-08-12 21:25:06+00:00,0.0005597543634259259,True,True,MB
310827,1786569870,Headingley test,0,49.843407,-97.419266,2026-08-12 21:24:30+00:00,0.0009764210300925925,True,True,MB
315597,1786569819,VB Clubhouse,0,50.698635,-96.56131,2026-08-12 21:23:39+00:00,0.0015666988078703703,True,True,MB
315595,1786569875,VB Tennis Courts,0,50.701294,-96.55867,2026-08-12 21:24:35+00:00,0.0009185506597222221,True,True,MB
317176,1786569913,MeowAirSensor,0,49.88096,-97.11622,2026-08-12 21:25:13+00:00,0.00047873584490740743,True,True,MB
317186,1786569911,Churchill,0,58.76667,-94.16869,2026-08-12 21:25:11+00:00,0.0005018839930555556,True,True,MB
317692,1786569874,Nelson House,0,55.783733,-98.88643,2026-08-12 21:24:34+00:00,0.0009301247337962962,True,True,MB
91013,1786569825,Arborg,0,50.911602,-97.218796,2026-08-12 21:23:45+00:00,0.0014972543634259258,True,True,MB
91669,1786569865,AQSU-913D,0,49.822796,-97.06191,2026-08-12 21:24:25+00:00,0.0010342914004629628,True,True,MB
93091,1786569807,Henderson North,0,50.11754,-96.88919,2026-08-12 21:23:27+00:00,0.0017055876967592592,True,True,MB
96155,1786569878,Cooks creek manitoba,0,50.006832,-96.810814,2026-08-12 21:24:38+00:00,0.0008838284374999999,True,True,MB
96325,1786569857,Leila Avenue,0,49.95497,-97.15277,2026-08-12 21:24:17+00:00,0.0011268839930555555,True,True,MB
96553,1786569698,St James,0,49.915554,-97.198906,2026-08-12 21:21:38+00:00,0.002967161770833333,True,True,MB
96635,1786569809,Neepawa,0,50.22533,-99.44556,2026-08-12 21:23:29+00:00,0.001682439548611111,True,True,MB
103974,1786569872,Thompson,0,55.707787,-97.8895,2026-08-12 21:24:32+00:00,0.0009532728819444444,True,True,MB
113985,1786569820,Park Blvd S,0,49.8533,-97.22111,2026-08-12 21:23:40+00:00,0.0015551247337962963,True,True,MB
156339,1786569904,South Pointe,0,49.780384,-97.17764,2026-08-12 21:25:04+00:00,0.0005829025115740741,True,True,MB
156639,1786569841,AQSU-FDDF,0,50.06855,-95.35367,2026-08-12 21:24:01+00:00,0.0013120691782407407,True,True,MB
156645,1786569822,AQSU-0AE5,0,49.528393,-96.6675,2026-08-12 21:23:42+00:00,0.001531976585648148,True,True,MB
156649,1786569824,AQSU-643E,0,49.55801,-97.190025,2026-08-12 21:23:44+00:00,0.0015088284375,True,True,MB
166409,1786041714,AQSU-DE39,0,49.872395,-100.95081,2026-08-06 18:41:54+00:00,6.113893087696758,True,True,MB
166415,1786569806,AQSU-D467,0,49.232323,-100.06369,2026-08-12 21:23:26+00:00,0.0017171617708333332,True,True,MB
175495,1786569846,Centenniel,0,49.90172,-97.144684,2026-08-12 21:24:06+00:00,0.0012541988078703702,True,True,MB
175619,1786569838,AQSU-AR McDiarmid Civic Complex,0,49.846363,-99.946846,2026-08-12 21:23:58+00:00,0.0013467914004629629,True,True,MB
180675,1786569864,Winnipeg Beach Fire Hall,0,50.495876,-96.965614,2026-08-12 21:24:24+00:00,0.001045865474537037,True,True,MB
181189,1786569881,Munroe West,0,49.920418,-97.09367,2026-08-12 21:24:41+00:00,0.0008491062152777777,True,True,MB
181207,1786568966,Village de/of St-Pierre-Jolys,0,49.44048,-96.97507,2026-08-12 21:09:26+00:00,0.011439383993055555,True,True,MB
181205,1786569810,Pembina Highway,0,49.781174,-97.15698,2026-08-12 21:23:30+00:00,0.001670865474537037,True,True,MB
181227,1786569831,Civic Offices Town of Arborg,0,50.906925,-97.22069,2026-08-12 21:23:51+00:00,0.0014278099189814813,True,True,MB
181231,1786569880,RM of Fisher Office,0,51.082413,-97.61228,2026-08-12 21:24:40+00:00,0.0008606802893518518,True,True,MB
181235,1786569865,Teulon,0,50.385593,-97.261055,2026-08-12 21:24:25+00:00,0.0010342914004629628,True,True,MB
181249,1786569885,RM Gimli,0,50.63903,-97.04094,2026-08-12 21:24:45+00:00,0.0008028099189814814,True,True,MB
187875,1786569826,BBY-NE Winnipeg,0,49.95368,-97.047226,2026-08-12 21:23:46+00:00,0.0014856802893518518,True,True,MB
187969,1786569857,Manitou Medical Clinic,0,49.241745,-98.543846,2026-08-12 21:24:17+00:00,0.0011268839930555555,True,True,MB
189065,1786569809,Winnipeg,0,49.84631,-97.28085,2026-08-12 21:23:29+00:00,0.001682439548611111,True,True,MB
195547,1786569869,Crescent Road West,0,49.96781,-98.31702,2026-08-12 21:24:29+00:00,0.0009879951041666666,True,True,MB
199719,1786569823,Pinawa,0,50.147346,-95.88671,2026-08-12 21:23:43+00:00,0.001520402511574074,True,True,MB
209119,1786569867,South Central Regional Library - Altona Branch,0,49.106052,-97.55683,2026-08-12 21:24:27+00:00,0.0010111432523148148,True,True,MB
209141,1786569230,St. Georges MB,0,50.54044,-96.150604,2026-08-12 21:13:50+00:00,0.008383828437500001,True,True,MB
209151,1786569870,Gaynor Family Regional Library,0,50.152954,-96.892746,2026-08-12 21:24:30+00:00,0.0009764210300925925,True,True,MB
209153,1786569901,FRCN Band Office,0,51.4378,-97.386795,2026-08-12 21:25:01+00:00,0.0006176247337962963,True,True,MB
209817,1786569825,Boissevain Wildlife Museum,0,49.22492,-100.05854,2026-08-12 21:23:45+00:00,0.0014972543634259258,True,True,MB
213037,1786569646,Snow Lake Medical Centre,0,54.87533,-100.01654,2026-08-12 21:20:46+00:00,0.0035690136226851853,True,True,MB
213059,1786569796,Flin Flon MB,0,54.76523,-101.87821,2026-08-12 21:23:16+00:00,0.001832902511574074,True,True,MB
213093,1786569893,Ashern Health Complex,0,51.18036,-98.35283,2026-08-12 21:24:53+00:00,0.0007102173263888889,True,True,MB
213099,1786569823,EGL-PCH,0,50.054085,-96.51405,2026-08-12 21:23:43+00:00,0.001520402511574074,True,True,MB
213147,1786569838,Eriksdale PCH,0,50.86476,-98.10434,2026-08-12 21:23:58+00:00,0.0013467914004629629,True,True,MB
213211,1786569900,St. Anthony's Hospital,0,53.827297,-101.25065,2026-08-12 21:25:00+00:00,0.0006291988078703704,True,True,MB
214001,1786569808,AQSU-3518- Koko Platz,0,49.954147,-98.299194,2026-08-12 21:23:28+00:00,0.0016940136226851852,True,True,MB
214009,1786569904,AQSU-3511- Dauphin,0,51.140907,-100.04374,2026-08-12 21:25:04+00:00,0.0005829025115740741,True,True,MB
214021,1786569905,AQSU-3326,0,49.51235,-98.00825,2026-08-12 21:25:05+00:00,0.0005713284375000001,True,True,MB
214477,1786569894,AQSU-4104E,0,50.30159,-97.35207,2026-08-12 21:24:54+00:00,0.0006986432523148149,True,True,MB
223387,1786569856,Churchill Manitoba,0,58.73788,-93.81834,2026-08-12 21:24:16+00:00,0.0011384580671296295,True,True,MB
241485,1786569884,Bakers Narrows Provincial Park,0,54.683163,-101.67644,2026-08-12 21:24:44+00:00,0.0008143839930555554,True,True,MB
251270,1786569905,AQSU ACC Brandon,0,49.83917,-99.92069,2026-08-12 21:25:05+00:00,0.0005713284375000001,True,True,MB
