sensor_index,last_seen,name,location_type,latitude,longitude,last_seen_utc,age_days,active_30d,active_7d,border_km,province
311813,1791508225,Hay Fire Base,0,60.786983,-115.822655,2026-10-09 01:10:25+00:00,0.0011816676041666667,True,True,85.2,NT
311811,1791508237,ECC Outdoor,0,60.001934,-111.90586,2026-10-09 01:10:37+00:00,0.0010427787152777778,True,True,0.2,NT
312007,1791508207,ECC indoor,0,60.001965,-111.90601,2026-10-09 01:10:07+00:00,0.0013900009375,True,True,0.2,NT
126507,1791508253,Beaulieu Kennels,0,61.356,-117.649,2026-10-09 01:10:53+00:00,0.0008575935300925926,True,True,146.7,NT
128193,1791508259,AQSU-MironHayRiver,0,60.795826,-115.80477,2026-10-09 01:10:59+00:00,0.0007881490856481481,True,True,86.1,NT
151214,1791508205,Deninu Kue First Nation office,0,61.169743,-113.67532,2026-10-09 01:10:05+00:00,0.0014131490856481481,True,True,126.6,NT
155839,1791508256,Hamlet of Enterprise fire hall,0,60.554096,-116.144714,2026-10-09 01:10:56+00:00,0.0008228713078703703,True,True,60.0,NT
156249,1791508252,Kakisa,0,60.94068,-117.41583,2026-10-09 01:10:52+00:00,0.0008691676041666667,True,True,101.8,NT
175705,1791162105,Big River Service Centre,0,61.307884,-117.59955,2026-10-05 01:01:45+00:00,4.007200186122685,True,True,141.5,NT
178077,1791508269,Ehdah Cho Store,0,60.834633,-115.75917,2026-10-09 01:11:09+00:00,0.0006724083449074074,True,True,90.3,NT
196661,1791508230,Water plant,0,60.435707,-121.255486,2026-10-09 01:10:30+00:00,0.0011237972337962963,True,True,82.5,NT
204493,1791508262,Fort Smith AQ Station,0,60.004337,-111.89356,2026-10-09 01:11:02+00:00,0.0007534268634259259,True,True,0.5,NT
