StationName,ParameterName
Beaverlodge,Sulphur Dioxide
Beaverlodge,Nitric Oxide
Beaverlodge,Nitrogen Dioxide
Beaverlodge,Total Oxides of Nitrogen
Beaverlodge,Ozone
Beaverlodge,Fine Particulate Matter
Beaverlodge,Relative Humidity
Beaverlodge,Outdoor Temperature
Beaverlodge,Wind Speed
Beaverlodge,Wind Direction
Dunes,Sulphur Dioxide
Dunes,Fine Particulate Matter
Dunes,Total Reduced Sulphur
Dunes,Relative Humidity
Dunes,Outdoor Temperature
Dunes,Wind Speed
Dunes,Wind Direction
Fox Creek,Sulphur Dioxide
Fox Creek,Nitric Oxide
Fox Creek,Nitrogen Dioxide
Fox Creek,Total Oxides of Nitrogen
Fox Creek,Ozone
Fox Creek,Fine Particulate Matter
Fox Creek,Hydrogen Sulphide
Fox Creek,Outdoor Temperature
Fox Creek,Wind Speed
Fox Creek,Wind Direction
Happy Valley,Sulphur Dioxide
Happy Valley,Nitric Oxide
Happy Valley,Nitrogen Dioxide
Happy Valley,Total Oxides of Nitrogen
Happy Valley,Ozone
Happy Valley,Fine Particulate Matter
Happy Valley,Total Reduced Sulphur
Happy Valley,Total Hydrocarbons
Happy Valley,Methane
Happy Valley,Non-methane Hydrocarbons
Happy Valley,Outdoor Temperature
Happy Valley,Wind Speed
Happy Valley,Wind Direction
Grande Prairie - Henry Pirker,Sulphur Dioxide
Grande Prairie - Henry Pirker,Nitric Oxide
Grande Prairie - Henry Pirker,Nitrogen Dioxide
Grande Prairie - Henry Pirker,Total Oxides of Nitrogen
Grande Prairie - Henry Pirker,Ozone
Grande Prairie - Henry Pirker,Fine Particulate Matter
Grande Prairie - Henry Pirker,Hydrogen Sulphide
Grande Prairie - Henry Pirker,Total Hydrocarbons
Grande Prairie - Henry Pirker,Methane
Grande Prairie - Henry Pirker,Non-methane Hydrocarbons
Grande Prairie - Henry Pirker,Relative Humidity
Grande Prairie - Henry Pirker,Outdoor Temperature
Grande Prairie - Henry Pirker,Wind Speed
Grande Prairie - Henry Pirker,Wind Direction
Grande Prairie - Henry Pirker,Carbon Monoxide
Milner,Nitric Oxide
Milner,Nitrogen Dioxide
Milner,Total Oxides of Nitrogen
Milner,Fine Particulate Matter
Milner,Wind Speed
Milner,Wind Direction
Smoky Heights,Sulphur Dioxide
Smoky Heights,Fine Particulate Matter
Smoky Heights,Total Reduced Sulphur
Smoky Heights,Outdoor Temperature
Smoky Heights,Wind Speed
Smoky Heights,Wind Direction
Valleyview,Sulphur Dioxide
Valleyview,Hydrogen Sulphide
Valleyview,Relative Humidity
Valleyview,Outdoor Temperature
Valleyview,Wind Speed
Valleyview,Wind Direction
